ts_utc,binance_mark_close,reya_close,abs_diff,diff_pct,updated_at_utc
2026-02-25 04:46:00Z,,65578.62239998512,,,2026-02-26T04:46:40Z
2026-02-25 04:47:00Z,,65523.40432533246,,,2026-02-26T04:46:40Z
2026-02-25 04:48:00Z,,65487.36256324139,,,2026-02-26T04:46:40Z
2026-02-25 04:49:00Z,,65517.85577314993,,,2026-02-26T04:46:40Z
2026-02-25 04:50:00Z,,65450.19581583546,,,2026-02-26T04:46:40Z
2026-02-25 04:51:00Z,,65455.06465130673,,,2026-02-26T04:46:40Z
2026-02-25 04:52:00Z,,65425.4697673772,,,2026-02-26T04:46:40Z
2026-02-25 04:53:00Z,,65430.61893276784,,,2026-02-26T04:46:40Z
2026-02-25 04:54:00Z,,65425.78179500083,,,2026-02-26T04:46:40Z
2026-02-25 04:55:00Z,,65387.54151111319,,,2026-02-26T04:46:40Z
2026-02-25 04:56:00Z,,65416.71694704368,,,2026-02-26T04:46:40Z
2026-02-25 04:57:00Z,,65400.99170446327,,,2026-02-26T04:46:40Z
2026-02-25 04:58:00Z,,65427.95202726834,,,2026-02-26T04:46:40Z
2026-02-25 04:59:00Z,,65426.07163099958,,,2026-02-26T04:46:40Z
2026-02-25 05:00:00Z,,65433.75669359756,,,2026-02-26T04:46:40Z
2026-02-25 05:01:00Z,,65384.87725506932,,,2026-02-26T04:46:40Z
2026-02-25 05:02:00Z,,65378.8502466636,,,2026-02-26T04:46:40Z
2026-02-25 05:03:00Z,,65404.28054015114,,,2026-02-26T04:46:40Z
2026-02-25 05:04:00Z,,65424.7441514153,,,2026-02-26T04:46:40Z
2026-02-25 05:05:00Z,,65473.65584641665,,,2026-02-26T04:46:40Z
2026-02-25 05:06:00Z,,65437.10403721822,,,2026-02-26T04:46:40Z
2026-02-25 05:07:00Z,,65449.22162527278,,,2026-02-26T04:46:40Z
2026-02-25 05:08:00Z,,65447.90933525297,,,2026-02-26T04:46:40Z
2026-02-25 05:09:00Z,,65431.23314159464,,,2026-02-26T04:46:40Z
2026-02-25 05:10:00Z,,65381.50849402028,,,2026-02-26T04:46:40Z
2026-02-25 05:11:00Z,,65368.61560798229,,,2026-02-26T04:46:40Z
2026-02-25 05:12:00Z,,65358.47859243109,,,2026-02-26T04:46:40Z
2026-02-25 05:13:00Z,,65328.93200831573,,,2026-02-26T04:46:40Z
2026-02-25 05:14:00Z,,65303.21886650667,,,2026-02-26T04:46:40Z
2026-02-25 05:15:00Z,,65300.60731276662,,,2026-02-26T04:46:40Z
2026-02-25 05:16:00Z,,65320.58220872055,,,2026-02-26T04:46:40Z
2026-02-25 05:17:00Z,,65315.08519886176,,,2026-02-26T04:46:40Z
2026-02-25 05:18:00Z,,65314.01955996759,,,2026-02-26T04:46:40Z
2026-02-25 05:19:00Z,,65278.02930613863,,,2026-02-26T04:46:40Z
2026-02-25 05:20:00Z,,65259.40226607837,,,2026-02-26T04:46:40Z
2026-02-25 05:21:00Z,,65233.84441841236,,,2026-02-26T04:46:40Z
2026-02-25 05:22:00Z,,65197.31951331125,,,2026-02-26T04:46:40Z
2026-02-25 05:23:00Z,,65198.91443704068,,,2026-02-26T04:46:40Z
2026-02-25 05:24:00Z,,65167.58055842248,,,2026-02-26T04:46:40Z
2026-02-25 05:25:00Z,,65190.10956729847,,,2026-02-26T04:46:40Z
2026-02-25 05:26:00Z,,65211.22438551925,,,2026-02-26T04:46:40Z
2026-02-25 05:27:00Z,,65184.21811861135,,,2026-02-26T04:46:40Z
2026-02-25 05:28:00Z,,65192.80995500415,,,2026-02-26T04:46:40Z
2026-02-25 05:29:00Z,,65169.6825906357,,,2026-02-26T04:46:40Z
2026-02-25 05:30:00Z,,65189.04395424917,,,2026-02-26T04:46:40Z
2026-02-25 05:31:00Z,,65104.28953948826,,,2026-02-26T04:46:40Z
2026-02-25 05:32:00Z,,65051.68808239694,,,2026-02-26T04:46:40Z
2026-02-25 05:33:00Z,,65006.76423673063,,,2026-02-26T04:46:40Z
2026-02-25 05:34:00Z,,64996.09588142855,,,2026-02-26T04:46:40Z
2026-02-25 05:35:00Z,,64933.99034332648,,,2026-02-26T04:46:40Z
2026-02-25 05:36:00Z,,64997.90406154216,,,2026-02-26T04:46:40Z
2026-02-25 05:37:00Z,,64814.90202760818,,,2026-02-26T04:46:40Z
2026-02-25 05:38:00Z,,64888.97121838526,,,2026-02-26T04:46:40Z
2026-02-25 05:39:00Z,,64873.51674884418,,,2026-02-26T04:46:40Z
2026-02-25 05:40:00Z,,64796.07694533173,,,2026-02-26T04:46:40Z
2026-02-25 05:41:00Z,,64752.75207830399,,,2026-02-26T04:46:40Z
2026-02-25 05:42:00Z,,64767.65343938917,,,2026-02-26T04:46:40Z
2026-02-25 05:43:00Z,,64815.37191418381,,,2026-02-26T04:46:40Z
2026-02-25 05:44:00Z,,64806.32310054298,,,2026-02-26T04:46:40Z
2026-02-25 05:45:00Z,,64819.7338269611,,,2026-02-26T04:46:40Z
2026-02-25 05:46:00Z,,64807.64556805225,,,2026-02-26T04:46:40Z
2026-02-25 05:47:00Z,,64914.83586842901,,,2026-02-26T04:46:40Z
2026-02-25 05:48:00Z,,64888.64157244791,,,2026-02-26T04:46:40Z
2026-02-25 05:49:00Z,,64914.85157603417,,,2026-02-26T04:46:40Z
2026-02-25 05:50:00Z,,64920.91591891913,,,2026-02-26T04:46:40Z
2026-02-25 05:51:00Z,,64928.19541698574,,,2026-02-26T04:46:40Z
2026-02-25 05:52:00Z,,64943.87035999606,,,2026-02-26T04:46:40Z
2026-02-25 05:53:00Z,,64937.85528447198,,,2026-02-26T04:46:40Z
2026-02-25 05:54:00Z,,64889.85888659595,,,2026-02-26T04:46:40Z
2026-02-25 05:55:00Z,,64893.14106578511,,,2026-02-26T04:46:40Z
2026-02-25 05:56:00Z,,64852.78240316217,,,2026-02-26T04:46:40Z
2026-02-25 05:57:00Z,,64834.29429980259,,,2026-02-26T04:46:40Z
2026-02-25 05:58:00Z,,64868.56915778315,,,2026-02-26T04:46:40Z
2026-02-25 05:59:00Z,,64845.97005635241,,,2026-02-26T04:46:40Z
2026-02-25 06:00:00Z,,64864.44516658782,,,2026-02-26T04:46:40Z
2026-02-25 06:01:00Z,,64917.72391358393,,,2026-02-26T04:46:40Z
2026-02-25 06:02:00Z,,64959.73595622418,,,2026-02-26T04:46:40Z
2026-02-25 06:03:00Z,,64951.67725263559,,,2026-02-26T04:46:40Z
2026-02-25 06:04:00Z,,64957.30430047915,,,2026-02-26T04:46:40Z
2026-02-25 06:05:00Z,,64917.83816306228,,,2026-02-26T04:46:40Z
2026-02-25 06:06:00Z,,64916.31936910919,,,2026-02-26T04:46:40Z
2026-02-25 06:07:00Z,,64914.73053006352,,,2026-02-26T04:46:40Z
2026-02-25 06:08:00Z,,64935.33920446786,,,2026-02-26T04:46:40Z
2026-02-25 06:09:00Z,,64968.49987807323,,,2026-02-26T04:46:40Z
2026-02-25 06:10:00Z,,64954.5456324288,,,2026-02-26T04:46:40Z
2026-02-25 06:11:00Z,,64976.72813131721,,,2026-02-26T04:46:40Z
2026-02-25 06:12:00Z,,64952.86533577806,,,2026-02-26T04:46:40Z
2026-02-25 06:13:00Z,,64940.20698635741,,,2026-02-26T04:46:40Z
2026-02-25 06:14:00Z,,64959.65207799132,,,2026-02-26T04:46:40Z
2026-02-25 06:15:00Z,,64909.6673119897,,,2026-02-26T04:46:40Z
2026-02-25 06:16:00Z,,64903.104171629,,,2026-02-26T04:46:40Z
2026-02-25 06:17:00Z,,64931.88803923923,,,2026-02-26T04:46:40Z
2026-02-25 06:18:00Z,,64892.74458014352,,,2026-02-26T04:46:40Z
2026-02-25 06:19:00Z,,64967.63559198482,,,2026-02-26T04:46:40Z
2026-02-25 06:20:00Z,,64988.82691882487,,,2026-02-26T04:46:40Z
2026-02-25 06:21:00Z,,65073.47119483689,,,2026-02-26T04:46:40Z
2026-02-25 06:22:00Z,,65055.39436046898,,,2026-02-26T04:46:40Z
2026-02-25 06:23:00Z,,65060.69610857673,,,2026-02-26T04:46:40Z
2026-02-25 06:24:00Z,,65053.32537959461,,,2026-02-26T04:46:40Z
2026-02-25 06:25:00Z,,65008.85465506424,,,2026-02-26T04:46:40Z
2026-02-25 06:26:00Z,,65046.19907120957,,,2026-02-26T04:46:40Z
2026-02-25 06:27:00Z,,65068.83274242826,,,2026-02-26T04:46:40Z
2026-02-25 06:28:00Z,,65015.11194285649,,,2026-02-26T04:46:40Z
2026-02-25 06:29:00Z,,64992.9076524964,,,2026-02-26T04:46:40Z
2026-02-25 06:30:00Z,,64952.97523181449,,,2026-02-26T04:46:40Z
2026-02-25 06:31:00Z,,65014.99670429821,,,2026-02-26T04:46:40Z
2026-02-25 06:32:00Z,,65014.17120861354,,,2026-02-26T04:46:40Z
2026-02-25 06:33:00Z,,65078.1650259906,,,2026-02-26T04:46:40Z
2026-02-25 06:34:00Z,,65037.50998878868,,,2026-02-26T04:46:40Z
2026-02-25 06:35:00Z,,65025.7377216956,,,2026-02-26T04:46:40Z
2026-02-25 06:36:00Z,,65044.71151851235,,,2026-02-26T04:46:40Z
2026-02-25 06:37:00Z,,65050.49964390595,,,2026-02-26T04:46:40Z
2026-02-25 06:38:00Z,,65079.34655612855,,,2026-02-26T04:46:40Z
2026-02-25 06:39:00Z,,65060.02869474721,,,2026-02-26T04:46:40Z
2026-02-25 06:40:00Z,,65064.37096609455,,,2026-02-26T04:46:40Z
2026-02-25 06:41:00Z,,65077.32046008008,,,2026-02-26T04:46:40Z
2026-02-25 06:42:00Z,,65067.64613080963,,,2026-02-26T04:46:40Z
2026-02-25 06:43:00Z,,65068.54517067541,,,2026-02-26T04:46:40Z
2026-02-25 06:44:00Z,,65056.53022875472,,,2026-02-26T04:46:40Z
2026-02-25 06:45:00Z,,65035.74608508672,,,2026-02-26T04:46:40Z
2026-02-25 06:46:00Z,,65028.07960091427,,,2026-02-26T04:46:40Z
2026-02-25 06:47:00Z,,65040.33719737958,,,2026-02-26T04:46:40Z
2026-02-25 06:48:00Z,,65012.42784790002,,,2026-02-26T04:46:40Z
2026-02-25 06:49:00Z,,64991.35416690537,,,2026-02-26T04:46:40Z
2026-02-25 06:50:00Z,,64904.61253804694,,,2026-02-26T04:46:40Z
2026-02-25 06:51:00Z,,64904.40117653294,,,2026-02-26T04:46:40Z
2026-02-25 06:52:00Z,,64872.54025709441,,,2026-02-26T04:46:40Z
2026-02-25 06:53:00Z,,64861.37529341728,,,2026-02-26T04:46:40Z
2026-02-25 06:54:00Z,,64863.27944155326,,,2026-02-26T04:46:40Z
2026-02-25 06:55:00Z,,64825.88802724709,,,2026-02-26T04:46:40Z
2026-02-25 06:56:00Z,,64853.89440324077,,,2026-02-26T04:46:40Z
2026-02-25 06:57:00Z,,64869.23919672112,,,2026-02-26T04:46:40Z
2026-02-25 06:58:00Z,,64845.93898535844,,,2026-02-26T04:46:40Z
2026-02-25 06:59:00Z,,64859.67631602532,,,2026-02-26T04:46:40Z
2026-02-25 07:00:00Z,,64883.27291866258,,,2026-02-26T04:46:40Z
2026-02-25 07:01:00Z,,64879.70055584957,,,2026-02-26T04:46:40Z
2026-02-25 07:02:00Z,,64833.79975740494,,,2026-02-26T04:46:40Z
2026-02-25 07:03:00Z,,64852.32074725495,,,2026-02-26T04:46:40Z
2026-02-25 07:04:00Z,,64849.60610893506,,,2026-02-26T04:46:40Z
2026-02-25 07:05:00Z,,64826.86995659162,,,2026-02-26T04:46:40Z
2026-02-25 07:06:00Z,,64809.34527088846,,,2026-02-26T04:46:40Z
2026-02-25 07:07:00Z,,64761.86340356119,,,2026-02-26T04:46:40Z
2026-02-25 07:08:00Z,,64851.14261489874,,,2026-02-26T04:46:40Z
2026-02-25 07:09:00Z,,64927.51303723,,,2026-02-26T04:46:40Z
2026-02-25 07:10:00Z,,64947.42510764623,,,2026-02-26T04:46:40Z
2026-02-25 07:11:00Z,,64957.3533953154,,,2026-02-26T04:46:40Z
2026-02-25 07:12:00Z,,65047.50435968132,,,2026-02-26T04:46:40Z
2026-02-25 07:13:00Z,,65004.7715072215,,,2026-02-26T04:46:40Z
2026-02-25 07:14:00Z,,64992.16824889271,,,2026-02-26T04:46:40Z
2026-02-25 07:15:00Z,,65075.99826352915,,,2026-02-26T04:46:40Z
2026-02-25 07:16:00Z,,65131.66994586477,,,2026-02-26T04:46:40Z
2026-02-25 07:17:00Z,,65103.37629305718,,,2026-02-26T04:46:40Z
2026-02-25 07:18:00Z,,65076.20836603736,,,2026-02-26T04:46:40Z
2026-02-25 07:19:00Z,,65082.10246008974,,,2026-02-26T04:46:40Z
2026-02-25 07:20:00Z,,65060.07020637741,,,2026-02-26T04:46:40Z
2026-02-25 07:21:00Z,,65010.2916473066,,,2026-02-26T04:46:40Z
2026-02-25 07:22:00Z,,65026.32191182328,,,2026-02-26T04:46:40Z
2026-02-25 07:23:00Z,,65056.08772925525,,,2026-02-26T04:46:40Z
2026-02-25 07:24:00Z,,65013.76439200691,,,2026-02-26T04:46:40Z
2026-02-25 07:25:00Z,,65018.6151371519,,,2026-02-26T04:46:40Z
2026-02-25 07:26:00Z,,65032.61272996543,,,2026-02-26T04:46:40Z
2026-02-25 07:27:00Z,,65051.07511076234,,,2026-02-26T04:46:40Z
2026-02-25 07:28:00Z,,65086.51986696487,,,2026-02-26T04:46:40Z
2026-02-25 07:29:00Z,,65078.63445289724,,,2026-02-26T04:46:40Z
2026-02-25 07:30:00Z,,65118.18786861176,,,2026-02-26T04:46:40Z
2026-02-25 07:31:00Z,,65143.84453984335,,,2026-02-26T04:46:40Z
2026-02-25 07:32:00Z,,65120.46761301473,,,2026-02-26T04:46:40Z
2026-02-25 07:33:00Z,,65105.76575830254,,,2026-02-26T04:46:40Z
2026-02-25 07:34:00Z,,65119.87240425972,,,2026-02-26T04:46:40Z
2026-02-25 07:35:00Z,,65017.94106250916,,,2026-02-26T04:46:40Z
2026-02-25 07:36:00Z,,64998.52990458284,,,2026-02-26T04:46:40Z
2026-02-25 07:37:00Z,,65009.3996428627,,,2026-02-26T04:46:40Z
2026-02-25 07:38:00Z,,65022.00815880633,,,2026-02-26T04:46:40Z
2026-02-25 07:39:00Z,,64992.0938175037,,,2026-02-26T04:46:40Z
2026-02-25 07:40:00Z,,64889.64151655961,,,2026-02-26T04:46:40Z
2026-02-25 07:41:00Z,,64925.14542287197,,,2026-02-26T04:46:40Z
2026-02-25 07:42:00Z,,64921.86024274125,,,2026-02-26T04:46:40Z
2026-02-25 07:43:00Z,,64851.91900934106,,,2026-02-26T04:46:40Z
2026-02-25 07:44:00Z,,64915.27215860053,,,2026-02-26T04:46:40Z
2026-02-25 07:45:00Z,,64926.27885993139,,,2026-02-26T04:46:40Z
2026-02-25 07:46:00Z,,64925.56584228098,,,2026-02-26T04:46:40Z
2026-02-25 07:47:00Z,,64933.41798202497,,,2026-02-26T04:46:40Z
2026-02-25 07:48:00Z,,64917.91830818034,,,2026-02-26T04:46:40Z
2026-02-25 07:49:00Z,,64936.57855449354,,,2026-02-26T04:46:40Z
2026-02-25 07:50:00Z,,64955.92923368237,,,2026-02-26T04:46:40Z
2026-02-25 07:51:00Z,,64946.69957846191,,,2026-02-26T04:46:40Z
2026-02-25 07:52:00Z,,65004.14500568795,,,2026-02-26T04:46:40Z
2026-02-25 07:53:00Z,,64990.67938864258,,,2026-02-26T04:46:40Z
2026-02-25 07:54:00Z,,64997.54123682423,,,2026-02-26T04:46:40Z
2026-02-25 07:55:00Z,,64979.89795652917,,,2026-02-26T04:46:40Z
2026-02-25 07:56:00Z,,64987.94136920227,,,2026-02-26T04:46:40Z
2026-02-25 07:57:00Z,,65004.11445348623,,,2026-02-26T04:46:40Z
2026-02-25 07:58:00Z,,64990.15047296869,,,2026-02-26T04:46:40Z
2026-02-25 07:59:00Z,,65000.46395878287,,,2026-02-26T04:46:40Z
2026-02-25 08:00:00Z,,65011.10624598781,,,2026-02-26T04:46:40Z
2026-02-25 08:01:00Z,,64980.48935115727,,,2026-02-26T04:46:40Z
2026-02-25 08:02:00Z,,64968.43231765038,,,2026-02-26T04:46:40Z
2026-02-25 08:03:00Z,,64960.52221760708,,,2026-02-26T04:46:40Z
2026-02-25 08:04:00Z,,64956.46120433147,,,2026-02-26T04:46:40Z
2026-02-25 08:05:00Z,,65012.6398441969,,,2026-02-26T04:46:40Z
2026-02-25 08:06:00Z,,65024.06955426833,,,2026-02-26T04:46:40Z
2026-02-25 08:07:00Z,,65009.10128836682,,,2026-02-26T04:46:40Z
2026-02-25 08:08:00Z,,64993.54531756809,,,2026-02-26T04:46:40Z
2026-02-25 08:09:00Z,,64987.88728737499,,,2026-02-26T04:46:40Z
2026-02-25 08:10:00Z,,64974.40249411251,,,2026-02-26T04:46:40Z
2026-02-25 08:11:00Z,,64975.82293985349,,,2026-02-26T04:46:40Z
2026-02-25 08:12:00Z,,64970.40167950217,,,2026-02-26T04:46:40Z
2026-02-25 08:13:00Z,,64982.43582883249,,,2026-02-26T04:46:40Z
2026-02-25 08:14:00Z,,64992.10059728775,,,2026-02-26T04:46:40Z
2026-02-25 08:15:00Z,,65014.69784423843,,,2026-02-26T04:46:40Z
2026-02-25 08:16:00Z,,64990.08572251398,,,2026-02-26T04:46:40Z
2026-02-25 08:17:00Z,,65032.15350490594,,,2026-02-26T04:46:40Z
2026-02-25 08:18:00Z,,65067.28661032843,,,2026-02-26T04:46:40Z
2026-02-25 08:19:00Z,,65054.83356557621,,,2026-02-26T04:46:40Z
2026-02-25 08:20:00Z,,65087.05332450301,,,2026-02-26T04:46:40Z
2026-02-25 08:21:00Z,,65109.37457112552,,,2026-02-26T04:46:40Z
2026-02-25 08:22:00Z,,65190.67902488609,,,2026-02-26T04:46:40Z
2026-02-25 08:23:00Z,,65202.65515628962,,,2026-02-26T04:46:40Z
2026-02-25 08:24:00Z,,65191.5575706254,,,2026-02-26T04:46:40Z
2026-02-25 08:25:00Z,,65178.46802500304,,,2026-02-26T04:46:40Z
2026-02-25 08:26:00Z,,65184.05395833472,,,2026-02-26T04:46:40Z
2026-02-25 08:27:00Z,,65157.68299098442,,,2026-02-26T04:46:40Z
2026-02-25 08:28:00Z,,65170.05389251762,,,2026-02-26T04:46:40Z
2026-02-25 08:29:00Z,,65157.35226730409,,,2026-02-26T04:46:40Z
2026-02-25 08:30:00Z,,65183.72515752356,,,2026-02-26T04:46:40Z
2026-02-25 08:31:00Z,,65193.04829921769,,,2026-02-26T04:46:40Z
2026-02-25 08:32:00Z,,65183.46593255801,,,2026-02-26T04:46:40Z
2026-02-25 08:33:00Z,,65249.6791175147,,,2026-02-26T04:46:40Z
2026-02-25 08:34:00Z,,65277.08700903533,,,2026-02-26T04:46:40Z
2026-02-25 08:35:00Z,,65245.63595411225,,,2026-02-26T04:46:40Z
2026-02-25 08:36:00Z,,65309.59971991736,,,2026-02-26T04:46:40Z
2026-02-25 08:37:00Z,,65373.34543646205,,,2026-02-26T04:46:40Z
2026-02-25 08:38:00Z,,65427.07858956593,,,2026-02-26T04:46:40Z
2026-02-25 08:39:00Z,,65387.9606748853,,,2026-02-26T04:46:40Z
2026-02-25 08:40:00Z,,65370.51524551563,,,2026-02-26T04:46:40Z
2026-02-25 08:41:00Z,,65384.4553140498,,,2026-02-26T04:46:40Z
2026-02-25 08:42:00Z,,65429.70626122344,,,2026-02-26T04:46:40Z
2026-02-25 08:43:00Z,,65383.99562368936,,,2026-02-26T04:46:40Z
2026-02-25 08:44:00Z,,65382.43431958848,,,2026-02-26T04:46:40Z
2026-02-25 08:45:00Z,,65378.88299738533,,,2026-02-26T04:46:40Z
2026-02-25 08:46:00Z,,65369.75027123738,,,2026-02-26T04:46:40Z
2026-02-25 08:47:00Z,,65416.1544493723,,,2026-02-26T04:46:40Z
2026-02-25 08:48:00Z,,65449.93324345096,,,2026-02-26T04:46:40Z
2026-02-25 08:49:00Z,,65390.22074539547,,,2026-02-26T04:46:40Z
2026-02-25 08:50:00Z,,65398.30572585898,,,2026-02-26T04:46:40Z
2026-02-25 08:51:00Z,,65415.38253645638,,,2026-02-26T04:46:40Z
2026-02-25 08:52:00Z,,65421.09466893004,,,2026-02-26T04:46:40Z
2026-02-25 08:53:00Z,,65424.14633318579,,,2026-02-26T04:46:40Z
2026-02-25 08:54:00Z,,65545.02308015757,,,2026-02-26T04:46:40Z
2026-02-25 08:55:00Z,,65532.38154238847,,,2026-02-26T04:46:40Z
2026-02-25 08:56:00Z,,65457.57408912414,,,2026-02-26T04:46:40Z
2026-02-25 08:57:00Z,,65466.14195035499,,,2026-02-26T04:46:40Z
2026-02-25 08:58:00Z,,65487.41202407893,,,2026-02-26T04:46:40Z
2026-02-25 08:59:00Z,,65484.869337275,,,2026-02-26T04:46:40Z
2026-02-25 09:00:00Z,,65449.73028950292,,,2026-02-26T04:46:40Z
2026-02-25 09:01:00Z,,65437.82875745893,,,2026-02-26T04:46:40Z
2026-02-25 09:02:00Z,,65478.50968887005,,,2026-02-26T04:46:40Z
2026-02-25 09:03:00Z,,65493.27965583729,,,2026-02-26T04:46:40Z
2026-02-25 09:04:00Z,,65547.03929066479,,,2026-02-26T04:46:40Z
2026-02-25 09:05:00Z,,65447.46987132359,,,2026-02-26T04:46:40Z
2026-02-25 09:06:00Z,,65440.6801119206,,,2026-02-26T04:46:40Z
2026-02-25 09:07:00Z,,65441.85084838109,,,2026-02-26T04:46:40Z
2026-02-25 09:08:00Z,,65473.27720107821,,,2026-02-26T04:46:40Z
2026-02-25 09:09:00Z,,65492.74697948343,,,2026-02-26T04:46:40Z
2026-02-25 09:10:00Z,,65580.05310253894,,,2026-02-26T04:46:40Z
2026-02-25 09:11:00Z,,65565.04359537705,,,2026-02-26T04:46:40Z
2026-02-25 09:12:00Z,,65494.76306337392,,,2026-02-26T04:46:40Z
2026-02-25 09:13:00Z,,65529.12144256181,,,2026-02-26T04:46:40Z
2026-02-25 09:14:00Z,,65512.43795078574,,,2026-02-26T04:46:40Z
2026-02-25 09:15:00Z,,65484.50229575262,,,2026-02-26T04:46:40Z
2026-02-25 09:16:00Z,,65479.46176285236,,,2026-02-26T04:46:40Z
2026-02-25 09:17:00Z,,65488.04048007775,,,2026-02-26T04:46:40Z
2026-02-25 09:18:00Z,,65490.79491687817,,,2026-02-26T04:46:40Z
2026-02-25 09:19:00Z,,65535.21051239486,,,2026-02-26T04:46:40Z
2026-02-25 09:20:00Z,,65520.72046658996,,,2026-02-26T04:46:40Z
2026-02-25 09:21:00Z,,65557.8973792233,,,2026-02-26T04:46:40Z
2026-02-25 09:22:00Z,,65598.90241231241,,,2026-02-26T04:46:40Z
2026-02-25 09:23:00Z,,65560.28756916853,,,2026-02-26T04:46:40Z
2026-02-25 09:24:00Z,,65527.57507812059,,,2026-02-26T04:46:40Z
2026-02-25 09:25:00Z,,65484.6991112758,,,2026-02-26T04:46:40Z
2026-02-25 09:26:00Z,,65486.32725372368,,,2026-02-26T04:46:40Z
2026-02-25 09:27:00Z,,65505.27236180767,,,2026-02-26T04:46:40Z
2026-02-25 09:28:00Z,,65494.31661886621,,,2026-02-26T04:46:40Z
2026-02-25 09:29:00Z,,65529.3523677131,,,2026-02-26T04:46:40Z
2026-02-25 09:30:00Z,,65479.51955523256,,,2026-02-26T04:46:40Z
2026-02-25 09:31:00Z,,65461.33923239161,,,2026-02-26T04:46:40Z
2026-02-25 09:32:00Z,,65450.57740888634,,,2026-02-26T04:46:40Z
2026-02-25 09:33:00Z,,65487.50888501745,,,2026-02-26T04:46:40Z
2026-02-25 09:34:00Z,,65484.65080311874,,,2026-02-26T04:46:40Z
2026-02-25 09:35:00Z,,65460.83968098565,,,2026-02-26T04:46:40Z
2026-02-25 09:36:00Z,,65412.34601965559,,,2026-02-26T04:46:40Z
2026-02-25 09:37:00Z,,65447.71875489843,,,2026-02-26T04:46:40Z
2026-02-25 09:38:00Z,,65408.98429608547,,,2026-02-26T04:46:40Z
2026-02-25 09:39:00Z,,65426.86406369378,,,2026-02-26T04:46:40Z
2026-02-25 09:40:00Z,,65421.93848082295,,,2026-02-26T04:46:40Z
2026-02-25 09:41:00Z,,65423.43381256099,,,2026-02-26T04:46:40Z
2026-02-25 09:42:00Z,,65445.24113642704,,,2026-02-26T04:46:40Z
2026-02-25 09:43:00Z,,65408.70889124693,,,2026-02-26T04:46:40Z
2026-02-25 09:44:00Z,,65429.78385013121,,,2026-02-26T04:46:40Z
2026-02-25 09:45:00Z,,65439.23255622799,,,2026-02-26T04:46:40Z
2026-02-25 09:46:00Z,,65460.14786847451,,,2026-02-26T04:46:40Z
2026-02-25 09:47:00Z,,65445.46504816816,,,2026-02-26T04:46:40Z
2026-02-25 09:48:00Z,,65490.2621422704,,,2026-02-26T04:46:40Z
2026-02-25 09:49:00Z,,65500.24307765257,,,2026-02-26T04:46:40Z
2026-02-25 09:50:00Z,,65495.37001387118,,,2026-02-26T04:46:40Z
2026-02-25 09:51:00Z,,65523.3927931958,,,2026-02-26T04:46:40Z
2026-02-25 09:52:00Z,,65514.14394235628,,,2026-02-26T04:46:40Z
2026-02-25 09:53:00Z,,65520.31827855477,,,2026-02-26T04:46:40Z
2026-02-25 09:54:00Z,,65519.50497850053,,,2026-02-26T04:46:40Z
2026-02-25 09:55:00Z,,65490.39731511523,,,2026-02-26T04:46:40Z
2026-02-25 09:56:00Z,,65505.08380822332,,,2026-02-26T04:46:40Z
2026-02-25 09:57:00Z,,65519.33276032428,,,2026-02-26T04:46:40Z
2026-02-25 09:58:00Z,,65536.16467118046,,,2026-02-26T04:46:40Z
2026-02-25 09:59:00Z,,65518.69736511763,,,2026-02-26T04:46:40Z
2026-02-25 10:00:00Z,,65543.02567413633,,,2026-02-26T04:46:40Z
2026-02-25 10:01:00Z,,65502.7140672584,,,2026-02-26T04:46:40Z
2026-02-25 10:02:00Z,,65471.33832181897,,,2026-02-26T04:46:40Z
2026-02-25 10:03:00Z,,65448.35596883843,,,2026-02-26T04:46:40Z
2026-02-25 10:04:00Z,,65482.24527402194,,,2026-02-26T04:46:40Z
2026-02-25 10:05:00Z,,65472.78628283036,,,2026-02-26T04:46:40Z
2026-02-25 10:06:00Z,,65459.73992799506,,,2026-02-26T04:46:40Z
2026-02-25 10:07:00Z,,65485.54285643565,,,2026-02-26T04:46:40Z
2026-02-25 10:08:00Z,,65497.39686239713,,,2026-02-26T04:46:40Z
2026-02-25 10:09:00Z,,65510.11782696207,,,2026-02-26T04:46:40Z
2026-02-25 10:10:00Z,,65463.33896842984,,,2026-02-26T04:46:40Z
2026-02-25 10:11:00Z,,65446.00579185718,,,2026-02-26T04:46:40Z
2026-02-25 10:12:00Z,,65475.06039161256,,,2026-02-26T04:46:40Z
2026-02-25 10:13:00Z,,65495.05762474465,,,2026-02-26T04:46:40Z
2026-02-25 10:14:00Z,,65529.96625057592,,,2026-02-26T04:46:40Z
2026-02-25 10:15:00Z,,65509.52176848851,,,2026-02-26T04:46:40Z
2026-02-25 10:16:00Z,,65513.97185004549,,,2026-02-26T04:46:40Z
2026-02-25 10:17:00Z,,65484.01085863517,,,2026-02-26T04:46:40Z
2026-02-25 10:18:00Z,,65458.35837880393,,,2026-02-26T04:46:40Z
2026-02-25 10:19:00Z,,65462.06705783324,,,2026-02-26T04:46:40Z
2026-02-25 10:20:00Z,,65420.00880097658,,,2026-02-26T04:46:40Z
2026-02-25 10:21:00Z,,65402.92474983153,,,2026-02-26T04:46:40Z
2026-02-25 10:22:00Z,,65383.44076988149,,,2026-02-26T04:46:40Z
2026-02-25 10:23:00Z,,65356.18374825126,,,2026-02-26T04:46:40Z
2026-02-25 10:24:00Z,,65350.04491746772,,,2026-02-26T04:46:40Z
2026-02-25 10:25:00Z,,65339.66689075001,,,2026-02-26T04:46:40Z
2026-02-25 10:26:00Z,,65331.46864891525,,,2026-02-26T04:46:40Z
2026-02-25 10:27:00Z,,65353.68756658374,,,2026-02-26T04:46:40Z
2026-02-25 10:28:00Z,,65338.65661314721,,,2026-02-26T04:46:40Z
2026-02-25 10:29:00Z,,65329.29695321555,,,2026-02-26T04:46:40Z
2026-02-25 10:30:00Z,,65331.1871125262,,,2026-02-26T04:46:40Z
2026-02-25 10:31:00Z,,65338.37059640444,,,2026-02-26T04:46:40Z
2026-02-25 10:32:00Z,,65315.69080333377,,,2026-02-26T04:46:40Z
2026-02-25 10:33:00Z,,65314.39499389821,,,2026-02-26T04:46:40Z
2026-02-25 10:34:00Z,,65339.92215375698,,,2026-02-26T04:46:40Z
2026-02-25 10:35:00Z,,65363.91090933027,,,2026-02-26T04:46:40Z
2026-02-25 10:36:00Z,,65388.37194399456,,,2026-02-26T04:46:40Z
2026-02-25 10:37:00Z,,65349.64040594815,,,2026-02-26T04:46:40Z
2026-02-25 10:38:00Z,,65347.38059345176,,,2026-02-26T04:46:40Z
2026-02-25 10:39:00Z,,65365.56068747163,,,2026-02-26T04:46:40Z
2026-02-25 10:40:00Z,,65350.37666537823,,,2026-02-26T04:46:40Z
2026-02-25 10:41:00Z,,65362.02619410083,,,2026-02-26T04:46:40Z
2026-02-25 10:42:00Z,,65358.32504521439,,,2026-02-26T04:46:40Z
2026-02-25 10:43:00Z,,65375.26313224723,,,2026-02-26T04:46:40Z
2026-02-25 10:44:00Z,,65383.22017436789,,,2026-02-26T04:46:40Z
2026-02-25 10:45:00Z,,65360.05514737055,,,2026-02-26T04:46:40Z
2026-02-25 10:46:00Z,,65394.38103929941,,,2026-02-26T04:46:40Z
2026-02-25 10:47:00Z,,65427.10225565846,,,2026-02-26T04:46:40Z
2026-02-25 10:48:00Z,,65435.18738753551,,,2026-02-26T04:46:40Z
2026-02-25 10:49:00Z,,65443.75028121404,,,2026-02-26T04:46:40Z
2026-02-25 10:50:00Z,,65432.11614289117,,,2026-02-26T04:46:40Z
2026-02-25 10:51:00Z,,65407.65592117599,,,2026-02-26T04:46:40Z
2026-02-25 10:52:00Z,,65397.84028633168,,,2026-02-26T04:46:40Z
2026-02-25 10:53:00Z,,65401.76636771926,,,2026-02-26T04:46:40Z
2026-02-25 10:54:00Z,,65367.34716930565,,,2026-02-26T04:46:40Z
2026-02-25 10:55:00Z,,65381.39388524432,,,2026-02-26T04:46:40Z
2026-02-25 10:56:00Z,,65357.25038741416,,,2026-02-26T04:46:40Z
2026-02-25 10:57:00Z,,65342.20961260521,,,2026-02-26T04:46:40Z
2026-02-25 10:58:00Z,,65321.1946556217,,,2026-02-26T04:46:40Z
2026-02-25 10:59:00Z,,65360.11381473562,,,2026-02-26T04:46:40Z
2026-02-25 11:00:00Z,,65342.67386049299,,,2026-02-26T04:46:40Z
2026-02-25 11:01:00Z,,65322.70789030262,,,2026-02-26T04:46:40Z
2026-02-25 11:02:00Z,,65318.27859280175,,,2026-02-26T04:46:40Z
2026-02-25 11:03:00Z,,65286.72333953096,,,2026-02-26T04:46:40Z
2026-02-25 11:04:00Z,,65306.05901031315,,,2026-02-26T04:46:40Z
2026-02-25 11:05:00Z,,65194.43095472956,,,2026-02-26T04:46:40Z
2026-02-25 11:06:00Z,,65173.32712370217,,,2026-02-26T04:46:40Z
2026-02-25 11:07:00Z,,65221.97956651812,,,2026-02-26T04:46:40Z
2026-02-25 11:08:00Z,,65266.16055444308,,,2026-02-26T04:46:40Z
2026-02-25 11:09:00Z,,65256.21338415256,,,2026-02-26T04:46:40Z
2026-02-25 11:10:00Z,,65250.31420391965,,,2026-02-26T04:46:40Z
2026-02-25 11:11:00Z,,65312.9157181591,,,2026-02-26T04:46:40Z
2026-02-25 11:12:00Z,,65283.70706853658,,,2026-02-26T04:46:40Z
2026-02-25 11:13:00Z,,65273.80005759269,,,2026-02-26T04:46:40Z
2026-02-25 11:14:00Z,,65205.87792420685,,,2026-02-26T04:46:40Z
2026-02-25 11:15:00Z,,65215.49060162665,,,2026-02-26T04:46:40Z
2026-02-25 11:16:00Z,,65177.1145764648,,,2026-02-26T04:46:40Z
2026-02-25 11:17:00Z,,65184.22581914757,,,2026-02-26T04:46:40Z
2026-02-25 11:18:00Z,,65188.18969535194,,,2026-02-26T04:46:40Z
2026-02-25 11:19:00Z,,65163.23020512481,,,2026-02-26T04:46:40Z
2026-02-25 11:20:00Z,,65177.59475907315,,,2026-02-26T04:46:40Z
2026-02-25 11:21:00Z,,65240.66519873575,,,2026-02-26T04:46:40Z
2026-02-25 11:22:00Z,,65318.23443346391,,,2026-02-26T04:46:40Z
2026-02-25 11:23:00Z,,65309.52149727453,,,2026-02-26T04:46:40Z
2026-02-25 11:24:00Z,,65292.81729332694,,,2026-02-26T04:46:40Z
2026-02-25 11:25:00Z,,65333.35038631207,,,2026-02-26T04:46:40Z
2026-02-25 11:26:00Z,,65314.00231976525,,,2026-02-26T04:46:40Z
2026-02-25 11:27:00Z,,65316.78905585119,,,2026-02-26T04:46:40Z
2026-02-25 11:28:00Z,,65341.46162371246,,,2026-02-26T04:46:40Z
2026-02-25 11:29:00Z,,65318.66327213361,,,2026-02-26T04:46:40Z
2026-02-25 11:30:00Z,,65293.95309149659,,,2026-02-26T04:46:40Z
2026-02-25 11:31:00Z,,65302.51365566507,,,2026-02-26T04:46:40Z
2026-02-25 11:32:00Z,,65315.65923543446,,,2026-02-26T04:46:40Z
2026-02-25 11:33:00Z,,65340.13876883491,,,2026-02-26T04:46:40Z
2026-02-25 11:34:00Z,,65320.72350058322,,,2026-02-26T04:46:40Z
2026-02-25 11:35:00Z,,65332.97679019549,,,2026-02-26T04:46:40Z
2026-02-25 11:36:00Z,,65335.76355507306,,,2026-02-26T04:46:40Z
2026-02-25 11:37:00Z,,65366.66757403914,,,2026-02-26T04:46:40Z
2026-02-25 11:38:00Z,,65393.50949774885,,,2026-02-26T04:46:40Z
2026-02-25 11:39:00Z,,65427.07443246234,,,2026-02-26T04:46:40Z
2026-02-25 11:40:00Z,,65421.52493809142,,,2026-02-26T04:46:40Z
2026-02-25 11:41:00Z,,65400.48326854003,,,2026-02-26T04:46:40Z
2026-02-25 11:42:00Z,,65376.12987825067,,,2026-02-26T04:46:40Z
2026-02-25 11:43:00Z,,65355.49535174332,,,2026-02-26T04:46:40Z
2026-02-25 11:44:00Z,,65397.1808929413,,,2026-02-26T04:46:40Z
2026-02-25 11:45:00Z,,65378.40877851945,,,2026-02-26T04:46:40Z
2026-02-25 11:46:00Z,,65384.62116876287,,,2026-02-26T04:46:40Z
2026-02-25 11:47:00Z,,65383.47669872838,,,2026-02-26T04:46:40Z
2026-02-25 11:48:00Z,,65384.58930084678,,,2026-02-26T04:46:40Z
2026-02-25 11:49:00Z,,65359.87226325179,,,2026-02-26T04:46:40Z
2026-02-25 11:50:00Z,,65343.194903178,,,2026-02-26T04:46:40Z
2026-02-25 11:51:00Z,,65360.31272074396,,,2026-02-26T04:46:40Z
2026-02-25 11:52:00Z,,65376.80913726288,,,2026-02-26T04:46:40Z
2026-02-25 11:53:00Z,,65381.09948286718,,,2026-02-26T04:46:40Z
2026-02-25 11:54:00Z,,65386.37941595815,,,2026-02-26T04:46:40Z
2026-02-25 11:55:00Z,,65367.97658400108,,,2026-02-26T04:46:40Z
2026-02-25 11:56:00Z,,65363.94661385895,,,2026-02-26T04:46:40Z
2026-02-25 11:57:00Z,,65370.55658724356,,,2026-02-26T04:46:40Z
2026-02-25 11:58:00Z,,65351.39415085938,,,2026-02-26T04:46:40Z
2026-02-25 11:59:00Z,,65387.30674350145,,,2026-02-26T04:46:40Z
2026-02-25 12:00:00Z,,65374.45622386356,,,2026-02-26T04:46:40Z
2026-02-25 12:01:00Z,,65408.36037094262,,,2026-02-26T04:46:40Z
2026-02-25 12:02:00Z,,65431.5332658482,,,2026-02-26T04:46:40Z
2026-02-25 12:03:00Z,,65397.02513059301,,,2026-02-26T04:46:40Z
2026-02-25 12:04:00Z,,65374.26861562989,,,2026-02-26T04:46:40Z
2026-02-25 12:05:00Z,,65390.52568859347,,,2026-02-26T04:46:40Z
2026-02-25 12:06:00Z,,65295.80521667883,,,2026-02-26T04:46:40Z
2026-02-25 12:07:00Z,,65359.57542003768,,,2026-02-26T04:46:40Z
2026-02-25 12:08:00Z,,65391.21998951957,,,2026-02-26T04:46:40Z
2026-02-25 12:09:00Z,,65435.26180264164,,,2026-02-26T04:46:40Z
2026-02-25 12:10:00Z,,65459.0297995189,,,2026-02-26T04:46:40Z
2026-02-25 12:11:00Z,,65437.08517758853,,,2026-02-26T04:46:40Z
2026-02-25 12:12:00Z,,65457.25092791453,,,2026-02-26T04:46:40Z
2026-02-25 12:13:00Z,,65449.64866380791,,,2026-02-26T04:46:40Z
2026-02-25 12:14:00Z,,65455.01723373181,,,2026-02-26T04:46:40Z
2026-02-25 12:15:00Z,,65527.09257976593,,,2026-02-26T04:46:40Z
2026-02-25 12:16:00Z,,65513.79588884697,,,2026-02-26T04:46:40Z
2026-02-25 12:17:00Z,,65480.82686134411,,,2026-02-26T04:46:40Z
2026-02-25 12:18:00Z,,65494.44152021945,,,2026-02-26T04:46:40Z
2026-02-25 12:19:00Z,,65671.27986785531,,,2026-02-26T04:46:40Z
2026-02-25 12:20:00Z,,65748.26673509064,,,2026-02-26T04:46:40Z
2026-02-25 12:21:00Z,,65768.68959880536,,,2026-02-26T04:46:40Z
2026-02-25 12:22:00Z,,65860.90935178159,,,2026-02-26T04:46:40Z
2026-02-25 12:23:00Z,,65831.87025566441,,,2026-02-26T04:46:40Z
2026-02-25 12:24:00Z,,65726.31246470606,,,2026-02-26T04:46:40Z
2026-02-25 12:25:00Z,,65708.41800414152,,,2026-02-26T04:46:40Z
2026-02-25 12:26:00Z,,65741.84438905046,,,2026-02-26T04:46:40Z
2026-02-25 12:27:00Z,,65739.41093803674,,,2026-02-26T04:46:40Z
2026-02-25 12:28:00Z,,65765.29847173716,,,2026-02-26T04:46:40Z
2026-02-25 12:29:00Z,,65734.19237230702,,,2026-02-26T04:46:40Z
2026-02-25 12:30:00Z,,65726.66720259006,,,2026-02-26T04:46:40Z
2026-02-25 12:31:00Z,,65717.38801602677,,,2026-02-26T04:46:40Z
2026-02-25 12:32:00Z,,65749.82916732416,,,2026-02-26T04:46:40Z
2026-02-25 12:33:00Z,,65794.8898654095,,,2026-02-26T04:46:40Z
2026-02-25 12:34:00Z,,65753.98309941478,,,2026-02-26T04:46:40Z
2026-02-25 12:35:00Z,,65772.01401169394,,,2026-02-26T04:46:40Z
2026-02-25 12:36:00Z,,65823.54201873804,,,2026-02-26T04:46:40Z
2026-02-25 12:37:00Z,,65770.30757818281,,,2026-02-26T04:46:40Z
2026-02-25 12:38:00Z,,65741.22982159244,,,2026-02-26T04:46:40Z
2026-02-25 12:39:00Z,,65728.78234007643,,,2026-02-26T04:46:40Z
2026-02-25 12:40:00Z,,65755.31394345239,,,2026-02-26T04:46:40Z
2026-02-25 12:41:00Z,,65795.3350616035,,,2026-02-26T04:46:40Z
2026-02-25 12:42:00Z,,65791.41515636985,,,2026-02-26T04:46:40Z
2026-02-25 12:43:00Z,,65789.87396183693,,,2026-02-26T04:46:40Z
2026-02-25 12:44:00Z,,65796.1333373649,,,2026-02-26T04:46:40Z
2026-02-25 12:45:00Z,,65804.44224376387,,,2026-02-26T04:46:40Z
2026-02-25 12:46:00Z,,65810.94086427157,,,2026-02-26T04:46:40Z
2026-02-25 12:47:00Z,,65805.93500608593,,,2026-02-26T04:46:40Z
2026-02-25 12:48:00Z,,65828.17452893124,,,2026-02-26T04:46:40Z
2026-02-25 12:49:00Z,,65981.38233560251,,,2026-02-26T04:46:40Z
2026-02-25 12:50:00Z,,66003.00589956368,,,2026-02-26T04:46:40Z
2026-02-25 12:51:00Z,,65996.42602949946,,,2026-02-26T04:46:40Z
2026-02-25 12:52:00Z,,66158.8839607916,,,2026-02-26T04:46:40Z
2026-02-25 12:53:00Z,,66114.92866052806,,,2026-02-26T04:46:40Z
2026-02-25 12:54:00Z,,66098.6555644634,,,2026-02-26T04:46:40Z
2026-02-25 12:55:00Z,,65955.75844272209,,,2026-02-26T04:46:40Z
2026-02-25 12:56:00Z,,66020.09863465425,,,2026-02-26T04:46:40Z
2026-02-25 12:57:00Z,,65978.32238460617,,,2026-02-26T04:46:40Z
2026-02-25 12:58:00Z,,65994.33500535206,,,2026-02-26T04:46:40Z
2026-02-25 12:59:00Z,,66033.89916840347,,,2026-02-26T04:46:40Z
2026-02-25 13:00:00Z,,66073.02341720973,,,2026-02-26T04:46:40Z
2026-02-25 13:01:00Z,,66049.96117317301,,,2026-02-26T04:46:40Z
2026-02-25 13:02:00Z,,66103.58236791026,,,2026-02-26T04:46:40Z
2026-02-25 13:03:00Z,,66114.40677355953,,,2026-02-26T04:46:40Z
2026-02-25 13:04:00Z,,66079.97291315344,,,2026-02-26T04:46:40Z
2026-02-25 13:05:00Z,,66160.23888174687,,,2026-02-26T04:46:40Z
2026-02-25 13:06:00Z,,66229.30886188967,,,2026-02-26T04:46:40Z
2026-02-25 13:07:00Z,,66151.6625516224,,,2026-02-26T04:46:40Z
2026-02-25 13:08:00Z,,66120.88177102811,,,2026-02-26T04:46:40Z
2026-02-25 13:09:00Z,,66071.68492443787,,,2026-02-26T04:46:40Z
2026-02-25 13:10:00Z,,66062.46016345752,,,2026-02-26T04:46:40Z
2026-02-25 13:11:00Z,,66076.7339452876,,,2026-02-26T04:46:40Z
2026-02-25 13:12:00Z,,66021.99507630196,,,2026-02-26T04:46:40Z
2026-02-25 13:13:00Z,,66053.44373887274,,,2026-02-26T04:46:40Z
2026-02-25 13:14:00Z,,66018.40836116162,,,2026-02-26T04:46:40Z
2026-02-25 13:15:00Z,,66014.87874940383,,,2026-02-26T04:46:40Z
2026-02-25 13:16:00Z,,66025.40721827203,,,2026-02-26T04:46:40Z
2026-02-25 13:17:00Z,,66041.49785099579,,,2026-02-26T04:46:40Z
2026-02-25 13:18:00Z,,66076.22225647318,,,2026-02-26T04:46:40Z
2026-02-25 13:19:00Z,,66063.60673525406,,,2026-02-26T04:46:40Z
2026-02-25 13:20:00Z,,65989.552366177,,,2026-02-26T04:46:40Z
2026-02-25 13:21:00Z,,65999.46512492873,,,2026-02-26T04:46:40Z
2026-02-25 13:22:00Z,,66036.61545550218,,,2026-02-26T04:46:40Z
2026-02-25 13:23:00Z,,66074.18180342946,,,2026-02-26T04:46:40Z
2026-02-25 13:24:00Z,,66065.66561909798,,,2026-02-26T04:46:40Z
2026-02-25 13:25:00Z,,66125.99315435615,,,2026-02-26T04:46:40Z
2026-02-25 13:26:00Z,,66104.84178647825,,,2026-02-26T04:46:40Z
2026-02-25 13:27:00Z,,66124.17537816611,,,2026-02-26T04:46:40Z
2026-02-25 13:28:00Z,,66182.81344055635,,,2026-02-26T04:46:40Z
2026-02-25 13:29:00Z,,66139.47790528664,,,2026-02-26T04:46:40Z
2026-02-25 13:30:00Z,,66135.51957852166,,,2026-02-26T04:46:40Z
2026-02-25 13:31:00Z,,66148.94814196881,,,2026-02-26T04:46:40Z
2026-02-25 13:32:00Z,,66158.6030721181,,,2026-02-26T04:46:40Z
2026-02-25 13:33:00Z,,66114.73551330165,,,2026-02-26T04:46:40Z
2026-02-25 13:34:00Z,,66146.43111470618,,,2026-02-26T04:46:40Z
2026-02-25 13:35:00Z,,66140.38261411591,,,2026-02-26T04:46:40Z
2026-02-25 13:36:00Z,,66214.57528048113,,,2026-02-26T04:46:40Z
2026-02-25 13:37:00Z,,66266.83111448433,,,2026-02-26T04:46:40Z
2026-02-25 13:38:00Z,,66248.4259662964,,,2026-02-26T04:46:40Z
2026-02-25 13:39:00Z,,66230.40170379844,,,2026-02-26T04:46:40Z
2026-02-25 13:40:00Z,,66265.57274407038,,,2026-02-26T04:46:40Z
2026-02-25 13:41:00Z,,66283.08954804382,,,2026-02-26T04:46:40Z
2026-02-25 13:42:00Z,,66371.55054674688,,,2026-02-26T04:46:40Z
2026-02-25 13:43:00Z,,66268.04266510044,,,2026-02-26T04:46:40Z
2026-02-25 13:44:00Z,,66286.26342510525,,,2026-02-26T04:46:40Z
2026-02-25 13:45:00Z,,66352.47834778862,,,2026-02-26T04:46:40Z
2026-02-25 13:46:00Z,,66303.75880140734,,,2026-02-26T04:46:40Z
2026-02-25 13:47:00Z,,66458.97051293416,,,2026-02-26T04:46:40Z
2026-02-25 13:48:00Z,,66491.91388293289,,,2026-02-26T04:46:40Z
2026-02-25 13:49:00Z,,66620.01942734388,,,2026-02-26T04:46:40Z
2026-02-25 13:50:00Z,,66433.84613241746,,,2026-02-26T04:46:40Z
2026-02-25 13:51:00Z,,66346.12122221518,,,2026-02-26T04:46:40Z
2026-02-25 13:52:00Z,,66378.36223048673,,,2026-02-26T04:46:40Z
2026-02-25 13:53:00Z,,66306.14976384479,,,2026-02-26T04:46:40Z
2026-02-25 13:54:00Z,,66269.658844716,,,2026-02-26T04:46:40Z
2026-02-25 13:55:00Z,,66283.54737389243,,,2026-02-26T04:46:40Z
2026-02-25 13:56:00Z,,66211.97572985903,,,2026-02-26T04:46:40Z
2026-02-25 13:57:00Z,,66236.93393680414,,,2026-02-26T04:46:40Z
2026-02-25 13:58:00Z,,66199.07019976988,,,2026-02-26T04:46:40Z
2026-02-25 13:59:00Z,,66213.45603404465,,,2026-02-26T04:46:40Z
2026-02-25 14:00:00Z,,66203.89245345375,,,2026-02-26T04:46:40Z
2026-02-25 14:01:00Z,,66223.52989707001,,,2026-02-26T04:46:40Z
2026-02-25 14:02:00Z,,66251.0662835817,,,2026-02-26T04:46:40Z
2026-02-25 14:03:00Z,,66283.17988094495,,,2026-02-26T04:46:40Z
2026-02-25 14:04:00Z,,66277.35479836987,,,2026-02-26T04:46:40Z
2026-02-25 14:05:00Z,,66332.77678042268,,,2026-02-26T04:46:40Z
2026-02-25 14:06:00Z,,66399.10976892401,,,2026-02-26T04:46:40Z
2026-02-25 14:07:00Z,,66371.5970790394,,,2026-02-26T04:46:40Z
2026-02-25 14:08:00Z,,66428.41359004258,,,2026-02-26T04:46:40Z
2026-02-25 14:09:00Z,,66405.29988544823,,,2026-02-26T04:46:40Z
2026-02-25 14:10:00Z,,66432.17869053384,,,2026-02-26T04:46:40Z
2026-02-25 14:11:00Z,,66440.26135301606,,,2026-02-26T04:46:40Z
2026-02-25 14:12:00Z,,66447.88524241636,,,2026-02-26T04:46:40Z
2026-02-25 14:13:00Z,,66450.01835780739,,,2026-02-26T04:46:40Z
2026-02-25 14:14:00Z,,66451.9545112146,,,2026-02-26T04:46:40Z
2026-02-25 14:15:00Z,,66441.45745993021,,,2026-02-26T04:46:40Z
2026-02-25 14:16:00Z,,66483.12059364592,,,2026-02-26T04:46:40Z
2026-02-25 14:17:00Z,,66430.91785744419,,,2026-02-26T04:46:40Z
2026-02-25 14:18:00Z,,66493.25684403813,,,2026-02-26T04:46:40Z
2026-02-25 14:19:00Z,,66460.39691505238,,,2026-02-26T04:46:40Z
2026-02-25 14:20:00Z,,66531.05598593684,,,2026-02-26T04:46:40Z
2026-02-25 14:21:00Z,,66506.88926234677,,,2026-02-26T04:46:40Z
2026-02-25 14:22:00Z,,66512.64579014224,,,2026-02-26T04:46:40Z
2026-02-25 14:23:00Z,,66522.75310070068,,,2026-02-26T04:46:40Z
2026-02-25 14:24:00Z,,66531.68308774268,,,2026-02-26T04:46:40Z
2026-02-25 14:25:00Z,,66509.3453933459,,,2026-02-26T04:46:40Z
2026-02-25 14:26:00Z,,66540.27139335427,,,2026-02-26T04:46:40Z
2026-02-25 14:27:00Z,,66578.4959479722,,,2026-02-26T04:46:40Z
2026-02-25 14:28:00Z,,66546.55481756851,,,2026-02-26T04:46:40Z
2026-02-25 14:29:00Z,,66556.92735779588,,,2026-02-26T04:46:40Z
2026-02-25 14:30:00Z,,66475.79200117255,,,2026-02-26T04:46:40Z
2026-02-25 14:31:00Z,,66592.49093274465,,,2026-02-26T04:46:40Z
2026-02-25 14:32:00Z,,66441.22245263867,,,2026-02-26T04:46:40Z
2026-02-25 14:33:00Z,,66549.29443616021,,,2026-02-26T04:46:40Z
2026-02-25 14:34:00Z,,66507.39901449763,,,2026-02-26T04:46:40Z
2026-02-25 14:35:00Z,,66305.52874337965,,,2026-02-26T04:46:40Z
2026-02-25 14:36:00Z,,66341.78088713213,,,2026-02-26T04:46:40Z
2026-02-25 14:37:00Z,,66307.348289014,,,2026-02-26T04:46:40Z
2026-02-25 14:38:00Z,,66289.40316700433,,,2026-02-26T04:46:40Z
2026-02-25 14:39:00Z,,66234.64402158059,,,2026-02-26T04:46:40Z
2026-02-25 14:40:00Z,,66424.46985150952,,,2026-02-26T04:46:40Z
2026-02-25 14:41:00Z,,66340.2356880432,,,2026-02-26T04:46:40Z
2026-02-25 14:42:00Z,,66311.14534440318,,,2026-02-26T04:46:40Z
2026-02-25 14:43:00Z,,66219.05517396737,,,2026-02-26T04:46:40Z
2026-02-25 14:44:00Z,,66237.77286489957,,,2026-02-26T04:46:40Z
2026-02-25 14:45:00Z,,66422.2064331326,,,2026-02-26T04:46:40Z
2026-02-25 14:46:00Z,,66566.2542127281,,,2026-02-26T04:46:40Z
2026-02-25 14:47:00Z,,66731.76600550591,,,2026-02-26T04:46:40Z
2026-02-25 14:48:00Z,,66681.2101322361,,,2026-02-26T04:46:40Z
2026-02-25 14:49:00Z,,66762.65653253286,,,2026-02-26T04:46:40Z
2026-02-25 14:50:00Z,,66762.06943817416,,,2026-02-26T04:46:40Z
2026-02-25 14:51:00Z,,66812.09928903368,,,2026-02-26T04:46:40Z
2026-02-25 14:52:00Z,,66724.08957759873,,,2026-02-26T04:46:40Z
2026-02-25 14:53:00Z,,66670.79094143199,,,2026-02-26T04:46:40Z
2026-02-25 14:54:00Z,,66673.46759167327,,,2026-02-26T04:46:40Z
2026-02-25 14:55:00Z,,66725.51114772848,,,2026-02-26T04:46:40Z
2026-02-25 14:56:00Z,,66782.83641127896,,,2026-02-26T04:46:40Z
2026-02-25 14:57:00Z,,66859.36713818308,,,2026-02-26T04:46:40Z
2026-02-25 14:58:00Z,,66874.55324056215,,,2026-02-26T04:46:40Z
2026-02-25 14:59:00Z,,66949.2745865166,,,2026-02-26T04:46:40Z
2026-02-25 15:00:00Z,,66989.60687502324,,,2026-02-26T04:46:40Z
2026-02-25 15:01:00Z,,67085.64854265688,,,2026-02-26T04:46:40Z
2026-02-25 15:02:00Z,,67104.31577565237,,,2026-02-26T04:46:40Z
2026-02-25 15:03:00Z,,67188.51313394064,,,2026-02-26T04:46:40Z
2026-02-25 15:04:00Z,,67080.16775596117,,,2026-02-26T04:46:40Z
2026-02-25 15:05:00Z,,66937.58372965071,,,2026-02-26T04:46:40Z
2026-02-25 15:06:00Z,,66811.87364447553,,,2026-02-26T04:46:40Z
2026-02-25 15:07:00Z,,66824.50735839125,,,2026-02-26T04:46:40Z
2026-02-25 15:08:00Z,,66854.60929440393,,,2026-02-26T04:46:40Z
2026-02-25 15:09:00Z,,66795.86876178905,,,2026-02-26T04:46:40Z
2026-02-25 15:10:00Z,,66801.82106795364,,,2026-02-26T04:46:40Z
2026-02-25 15:11:00Z,,66817.9578856166,,,2026-02-26T04:46:40Z
2026-02-25 15:12:00Z,,66817.54417111751,,,2026-02-26T04:46:40Z
2026-02-25 15:13:00Z,,66851.27068377155,,,2026-02-26T04:46:40Z
2026-02-25 15:14:00Z,,66813.13206171263,,,2026-02-26T04:46:40Z
2026-02-25 15:15:00Z,,66930.74849427579,,,2026-02-26T04:46:40Z
2026-02-25 15:16:00Z,,66932.690220939,,,2026-02-26T04:46:40Z
2026-02-25 15:17:00Z,,66967.6453178773,,,2026-02-26T04:46:40Z
2026-02-25 15:18:00Z,,66879.80033680389,,,2026-02-26T04:46:40Z
2026-02-25 15:19:00Z,,66814.47421449407,,,2026-02-26T04:46:40Z
2026-02-25 15:20:00Z,,66728.08572827857,,,2026-02-26T04:46:40Z
2026-02-25 15:21:00Z,,66754.95634086894,,,2026-02-26T04:46:40Z
2026-02-25 15:22:00Z,,66715.71582594971,,,2026-02-26T04:46:40Z
2026-02-25 15:23:00Z,,66808.57712522632,,,2026-02-26T04:46:40Z
2026-02-25 15:24:00Z,,66831.49508612853,,,2026-02-26T04:46:40Z
2026-02-25 15:25:00Z,,66887.96428922018,,,2026-02-26T04:46:40Z
2026-02-25 15:26:00Z,,66954.56639522624,,,2026-02-26T04:46:40Z
2026-02-25 15:27:00Z,,66972.19203020584,,,2026-02-26T04:46:40Z
2026-02-25 15:28:00Z,,66971.49432367762,,,2026-02-26T04:46:40Z
2026-02-25 15:29:00Z,,67026.3112274003,,,2026-02-26T04:46:40Z
2026-02-25 15:30:00Z,,66976.03347395072,,,2026-02-26T04:46:40Z
2026-02-25 15:31:00Z,,67173.83098739786,,,2026-02-26T04:46:40Z
2026-02-25 15:32:00Z,,67167.08304251217,,,2026-02-26T04:46:40Z
2026-02-25 15:33:00Z,,67331.72783809558,,,2026-02-26T04:46:40Z
2026-02-25 15:34:00Z,,67203.8777638473,,,2026-02-26T04:46:40Z
2026-02-25 15:35:00Z,,67383.09828376144,,,2026-02-26T04:46:40Z
2026-02-25 15:36:00Z,,67340.92962346393,,,2026-02-26T04:46:40Z
2026-02-25 15:37:00Z,,67301.506472673,,,2026-02-26T04:46:40Z
2026-02-25 15:38:00Z,,67298.61934193574,,,2026-02-26T04:46:40Z
2026-02-25 15:39:00Z,,67280.07270952995,,,2026-02-26T04:46:40Z
2026-02-25 15:40:00Z,,67289.95784382876,,,2026-02-26T04:46:40Z
2026-02-25 15:41:00Z,,67341.30149780498,,,2026-02-26T04:46:40Z
2026-02-25 15:42:00Z,,67403.49940650865,,,2026-02-26T04:46:40Z
2026-02-25 15:43:00Z,,67487.6516055516,,,2026-02-26T04:46:40Z
2026-02-25 15:44:00Z,,67488.2358097819,,,2026-02-26T04:46:40Z
2026-02-25 15:45:00Z,,67422.46127688282,,,2026-02-26T04:46:40Z
2026-02-25 15:46:00Z,,67529.48572780116,,,2026-02-26T04:46:40Z
2026-02-25 15:47:00Z,,67433.054589966,,,2026-02-26T04:46:40Z
2026-02-25 15:48:00Z,,67418.51165873742,,,2026-02-26T04:46:40Z
2026-02-25 15:49:00Z,,67478.99802840911,,,2026-02-26T04:46:40Z
2026-02-25 15:50:00Z,,67403.21192808005,,,2026-02-26T04:46:40Z
2026-02-25 15:51:00Z,,67357.01544827275,,,2026-02-26T04:46:40Z
2026-02-25 15:52:00Z,,67320.43820343127,,,2026-02-26T04:46:40Z
2026-02-25 15:53:00Z,,67295.77181078824,,,2026-02-26T04:46:40Z
2026-02-25 15:54:00Z,,67298.82813781072,,,2026-02-26T04:46:40Z
2026-02-25 15:55:00Z,,67279.0454183831,,,2026-02-26T04:46:40Z
2026-02-25 15:56:00Z,,67268.79947601038,,,2026-02-26T04:46:40Z
2026-02-25 15:57:00Z,,67264.99318911717,,,2026-02-26T04:46:40Z
2026-02-25 15:58:00Z,,67248.7964785957,,,2026-02-26T04:46:40Z
2026-02-25 15:59:00Z,,67375.97930823329,,,2026-02-26T04:46:40Z
2026-02-25 16:00:00Z,,67467.91434507463,,,2026-02-26T04:46:40Z
2026-02-25 16:01:00Z,,67465.05645098034,,,2026-02-26T04:46:40Z
2026-02-25 16:02:00Z,,67438.58947809105,,,2026-02-26T04:46:40Z
2026-02-25 16:03:00Z,,67380.52693957867,,,2026-02-26T04:46:40Z
2026-02-25 16:04:00Z,,67408.1245039557,,,2026-02-26T04:46:40Z
2026-02-25 16:05:00Z,,67454.80672092555,,,2026-02-26T04:46:40Z
2026-02-25 16:06:00Z,,67536.96020592416,,,2026-02-26T04:46:40Z
2026-02-25 16:07:00Z,,67588.36670980354,,,2026-02-26T04:46:40Z
2026-02-25 16:08:00Z,,67467.13515273471,,,2026-02-26T04:46:40Z
2026-02-25 16:09:00Z,,67437.47833779473,,,2026-02-26T04:46:40Z
2026-02-25 16:10:00Z,,67561.35791115974,,,2026-02-26T04:46:40Z
2026-02-25 16:11:00Z,,67590.5993912865,,,2026-02-26T04:46:40Z
2026-02-25 16:12:00Z,,67691.58885715368,,,2026-02-26T04:46:40Z
2026-02-25 16:13:00Z,,67626.69068064625,,,2026-02-26T04:46:40Z
2026-02-25 16:14:00Z,,67564.78409369849,,,2026-02-26T04:46:40Z
2026-02-25 16:15:00Z,,67629.63615294501,,,2026-02-26T04:46:40Z
2026-02-25 16:16:00Z,,67653.26596689108,,,2026-02-26T04:46:40Z
2026-02-25 16:17:00Z,,67724.28425012606,,,2026-02-26T04:46:40Z
2026-02-25 16:18:00Z,,67789.80206711456,,,2026-02-26T04:46:40Z
2026-02-25 16:19:00Z,,67801.27733879424,,,2026-02-26T04:46:40Z
2026-02-25 16:20:00Z,,67856.56798105541,,,2026-02-26T04:46:40Z
2026-02-25 16:21:00Z,,67824.17211901334,,,2026-02-26T04:46:40Z
2026-02-25 16:22:00Z,,67882.28586328066,,,2026-02-26T04:46:40Z
2026-02-25 16:23:00Z,,67956.36829123256,,,2026-02-26T04:46:40Z
2026-02-25 16:24:00Z,,67981.72467096892,,,2026-02-26T04:46:40Z
2026-02-25 16:25:00Z,,67938.33975831853,,,2026-02-26T04:46:40Z
2026-02-25 16:26:00Z,,67814.08597352084,,,2026-02-26T04:46:40Z
2026-02-25 16:27:00Z,,67951.31200437249,,,2026-02-26T04:46:40Z
2026-02-25 16:28:00Z,,67914.9525843436,,,2026-02-26T04:46:40Z
2026-02-25 16:29:00Z,,67829.84489147144,,,2026-02-26T04:46:40Z
2026-02-25 16:30:00Z,,67844.71973753722,,,2026-02-26T04:46:40Z
2026-02-25 16:31:00Z,,67937.3333645971,,,2026-02-26T04:46:40Z
2026-02-25 16:32:00Z,,67858.44338680567,,,2026-02-26T04:46:40Z
2026-02-25 16:33:00Z,,67893.65440084014,,,2026-02-26T04:46:40Z
2026-02-25 16:34:00Z,,67824.7486734678,,,2026-02-26T04:46:40Z
2026-02-25 16:35:00Z,,67949.68282629235,,,2026-02-26T04:46:40Z
2026-02-25 16:36:00Z,,67935.11401881333,,,2026-02-26T04:46:40Z
2026-02-25 16:37:00Z,,67927.27789125736,,,2026-02-26T04:46:40Z
2026-02-25 16:38:00Z,,67875.00442781506,,,2026-02-26T04:46:40Z
2026-02-25 16:39:00Z,,67852.49719259585,,,2026-02-26T04:46:40Z
2026-02-25 16:40:00Z,,67881.15109207697,,,2026-02-26T04:46:40Z
2026-02-25 16:41:00Z,,67872.77881295158,,,2026-02-26T04:46:40Z
2026-02-25 16:42:00Z,,67940.1016527241,,,2026-02-26T04:46:40Z
2026-02-25 16:43:00Z,,67932.83820820063,,,2026-02-26T04:46:40Z
2026-02-25 16:44:00Z,,67917.17788847415,,,2026-02-26T04:46:40Z
2026-02-25 16:45:00Z,,67979.12495845591,,,2026-02-26T04:46:40Z
2026-02-25 16:46:00Z,,67978.90252200636,,,2026-02-26T04:46:40Z
2026-02-25 16:47:00Z,,68034.51753417529,,,2026-02-26T04:46:40Z
2026-02-25 16:48:00Z,,68045.35856234141,,,2026-02-26T04:46:40Z
2026-02-25 16:49:00Z,,68069.28523611002,,,2026-02-26T04:46:40Z
2026-02-25 16:50:00Z,,67990.36394296499,,,2026-02-26T04:46:40Z
2026-02-25 16:51:00Z,,68022.51347976278,,,2026-02-26T04:46:40Z
2026-02-25 16:52:00Z,,68004.5053186696,,,2026-02-26T04:46:40Z
2026-02-25 16:53:00Z,,68015.83911910903,,,2026-02-26T04:46:40Z
2026-02-25 16:54:00Z,,67999.34225299643,,,2026-02-26T04:46:40Z
2026-02-25 16:55:00Z,,68019.84442186962,,,2026-02-26T04:46:40Z
2026-02-25 16:56:00Z,,68180.59904153156,,,2026-02-26T04:46:40Z
2026-02-25 16:57:00Z,,68195.4030289852,,,2026-02-26T04:46:40Z
2026-02-25 16:58:00Z,,68252.67168824072,,,2026-02-26T04:46:40Z
2026-02-25 16:59:00Z,,68262.68884002072,,,2026-02-26T04:46:40Z
2026-02-25 17:00:00Z,,68230.00584204856,,,2026-02-26T04:46:40Z
2026-02-25 17:01:00Z,,68447.02381179157,,,2026-02-26T04:46:40Z
2026-02-25 17:02:00Z,,68455.63138691837,,,2026-02-26T04:46:40Z
2026-02-25 17:03:00Z,,68221.1170588425,,,2026-02-26T04:46:40Z
2026-02-25 17:04:00Z,,68161.14553752814,,,2026-02-26T04:46:40Z
2026-02-25 17:05:00Z,,68099.1956490526,,,2026-02-26T04:46:40Z
2026-02-25 17:06:00Z,,68036.4987147057,,,2026-02-26T04:46:40Z
2026-02-25 17:07:00Z,,68066.64167449811,,,2026-02-26T04:46:40Z
2026-02-25 17:08:00Z,,68148.90235225242,,,2026-02-26T04:46:40Z
2026-02-25 17:09:00Z,,68265.25691322799,,,2026-02-26T04:46:40Z
2026-02-25 17:10:00Z,,68506.0511823802,,,2026-02-26T04:46:40Z
2026-02-25 17:11:00Z,,68560.37331705623,,,2026-02-26T04:46:40Z
2026-02-25 17:12:00Z,,68466.98408902225,,,2026-02-26T04:46:40Z
2026-02-25 17:13:00Z,,68494.9136498858,,,2026-02-26T04:46:40Z
2026-02-25 17:14:00Z,,68492.68050115879,,,2026-02-26T04:46:40Z
2026-02-25 17:15:00Z,,68545.57202428707,,,2026-02-26T04:46:40Z
2026-02-25 17:16:00Z,,68537.6101403218,,,2026-02-26T04:46:40Z
2026-02-25 17:17:00Z,,68517.70849771064,,,2026-02-26T04:46:40Z
2026-02-25 17:18:00Z,,68257.4758025229,,,2026-02-26T04:46:40Z
2026-02-25 17:19:00Z,,68267.40787894133,,,2026-02-26T04:46:40Z
2026-02-25 17:20:00Z,,68325.78128244483,,,2026-02-26T04:46:40Z
2026-02-25 17:21:00Z,,68395.49875857485,,,2026-02-26T04:46:40Z
2026-02-25 17:22:00Z,,68590.07231812348,,,2026-02-26T04:46:40Z
2026-02-25 17:23:00Z,,68575.91041409604,,,2026-02-26T04:46:40Z
2026-02-25 17:24:00Z,,68632.76733215069,,,2026-02-26T04:46:40Z
2026-02-25 17:25:00Z,,68561.1674900291,,,2026-02-26T04:46:40Z
2026-02-25 17:26:00Z,,68577.8458835866,,,2026-02-26T04:46:40Z
2026-02-25 17:27:00Z,,68498.94039974167,,,2026-02-26T04:46:40Z
2026-02-25 17:28:00Z,,68527.84900168824,,,2026-02-26T04:46:40Z
2026-02-25 17:29:00Z,,68547.00029709662,,,2026-02-26T04:46:40Z
2026-02-25 17:30:00Z,,68609.97921279866,,,2026-02-26T04:46:40Z
2026-02-25 17:31:00Z,,68513.46026738027,,,2026-02-26T04:46:40Z
2026-02-25 17:32:00Z,,68422.1076506758,,,2026-02-26T04:46:40Z
2026-02-25 17:33:00Z,,68484.02255332933,,,2026-02-26T04:46:40Z
2026-02-25 17:34:00Z,,68479.6484393085,,,2026-02-26T04:46:40Z
2026-02-25 17:35:00Z,,68552.17981961904,,,2026-02-26T04:46:40Z
2026-02-25 17:36:00Z,,68543.12903311971,,,2026-02-26T04:46:40Z
2026-02-25 17:37:00Z,,68563.59676405556,,,2026-02-26T04:46:40Z
2026-02-25 17:38:00Z,,68531.19236223487,,,2026-02-26T04:46:40Z
2026-02-25 17:39:00Z,,68557.77516930495,,,2026-02-26T04:46:40Z
2026-02-25 17:40:00Z,,68577.93458087176,,,2026-02-26T04:46:40Z
2026-02-25 17:41:00Z,,68637.98532244342,,,2026-02-26T04:46:40Z
2026-02-25 17:42:00Z,,68695.58774589156,,,2026-02-26T04:46:40Z
2026-02-25 17:43:00Z,,68696.62907652005,,,2026-02-26T04:46:40Z
2026-02-25 17:44:00Z,,68702.22329567344,,,2026-02-26T04:46:40Z
2026-02-25 17:45:00Z,,68659.73920356529,,,2026-02-26T04:46:40Z
2026-02-25 17:46:00Z,,68665.30060031587,,,2026-02-26T04:46:40Z
2026-02-25 17:47:00Z,,68686.73698218771,,,2026-02-26T04:46:40Z
2026-02-25 17:48:00Z,,68684.24207248577,,,2026-02-26T04:46:40Z
2026-02-25 17:49:00Z,,68725.59369840969,,,2026-02-26T04:46:40Z
2026-02-25 17:50:00Z,,68795.93249106713,,,2026-02-26T04:46:40Z
2026-02-25 17:51:00Z,,68821.49576845756,,,2026-02-26T04:46:40Z
2026-02-25 17:52:00Z,,68742.63030777531,,,2026-02-26T04:46:40Z
2026-02-25 17:53:00Z,,68740.3237396421,,,2026-02-26T04:46:40Z
2026-02-25 17:54:00Z,,68707.8372087361,,,2026-02-26T04:46:40Z
2026-02-25 17:55:00Z,,68614.46983974523,,,2026-02-26T04:46:40Z
2026-02-25 17:56:00Z,,68633.85574619453,,,2026-02-26T04:46:40Z
2026-02-25 17:57:00Z,,68579.733762726,,,2026-02-26T04:46:40Z
2026-02-25 17:58:00Z,,68587.44844356677,,,2026-02-26T04:46:40Z
2026-02-25 17:59:00Z,,68651.14113292372,,,2026-02-26T04:46:40Z
2026-02-25 18:00:00Z,,68628.17498243767,,,2026-02-26T04:46:40Z
2026-02-25 18:01:00Z,,68590.88520173242,,,2026-02-26T04:46:40Z
2026-02-25 18:02:00Z,,68436.4566987018,,,2026-02-26T04:46:40Z
2026-02-25 18:03:00Z,,68362.96345086956,,,2026-02-26T04:46:40Z
2026-02-25 18:04:00Z,,68413.23434118023,,,2026-02-26T04:46:40Z
2026-02-25 18:05:00Z,,68493.93116018981,,,2026-02-26T04:46:40Z
2026-02-25 18:06:00Z,,68535.9466872583,,,2026-02-26T04:46:40Z
2026-02-25 18:07:00Z,,68610.77573717412,,,2026-02-26T04:46:40Z
2026-02-25 18:08:00Z,,68648.81836071814,,,2026-02-26T04:46:40Z
2026-02-25 18:09:00Z,,68731.0822469017,,,2026-02-26T04:46:40Z
2026-02-25 18:10:00Z,,68803.85251444146,,,2026-02-26T04:46:40Z
2026-02-25 18:11:00Z,,68842.60462467234,,,2026-02-26T04:46:40Z
2026-02-25 18:12:00Z,,68840.03106125747,,,2026-02-26T04:46:40Z
2026-02-25 18:13:00Z,,68858.18763355377,,,2026-02-26T04:46:40Z
2026-02-25 18:14:00Z,,68841.15116500661,,,2026-02-26T04:46:40Z
2026-02-25 18:15:00Z,,68793.77839803063,,,2026-02-26T04:46:40Z
2026-02-25 18:16:00Z,,68849.81495811342,,,2026-02-26T04:46:40Z
2026-02-25 18:17:00Z,,68829.85290999275,,,2026-02-26T04:46:40Z
2026-02-25 18:18:00Z,,68742.75602332121,,,2026-02-26T04:46:40Z
2026-02-25 18:19:00Z,,68790.44442873969,,,2026-02-26T04:46:40Z
2026-02-25 18:20:00Z,,68837.19603397911,,,2026-02-26T04:46:40Z
2026-02-25 18:21:00Z,,68858.20622471777,,,2026-02-26T04:46:40Z
2026-02-25 18:22:00Z,,68941.58472481614,,,2026-02-26T04:46:40Z
2026-02-25 18:23:00Z,,69018.24895691844,,,2026-02-26T04:46:40Z
2026-02-25 18:24:00Z,,68914.6811700375,,,2026-02-26T04:46:40Z
2026-02-25 18:25:00Z,,68949.605310623,,,2026-02-26T04:46:40Z
2026-02-25 18:26:00Z,,69055.51798086627,,,2026-02-26T04:46:40Z
2026-02-25 18:27:00Z,,69089.27359174922,,,2026-02-26T04:46:40Z
2026-02-25 18:28:00Z,,69348.38079424124,,,2026-02-26T04:46:40Z
2026-02-25 18:29:00Z,,69310.70310611866,,,2026-02-26T04:46:40Z
2026-02-25 18:30:00Z,,69292.58901285192,,,2026-02-26T04:46:40Z
2026-02-25 18:31:00Z,,69371.98597602925,,,2026-02-26T04:46:40Z
2026-02-25 18:32:00Z,,69269.53536901741,,,2026-02-26T04:46:40Z
2026-02-25 18:33:00Z,,69280.46528683996,,,2026-02-26T04:46:40Z
2026-02-25 18:34:00Z,,69281.45326387684,,,2026-02-26T04:46:40Z
2026-02-25 18:35:00Z,,69371.38051690892,,,2026-02-26T04:46:40Z
2026-02-25 18:36:00Z,,69420.53803464906,,,2026-02-26T04:46:40Z
2026-02-25 18:37:00Z,,69470.4823588959,,,2026-02-26T04:46:40Z
2026-02-25 18:38:00Z,,69461.73250984732,,,2026-02-26T04:46:40Z
2026-02-25 18:39:00Z,,69423.24727228597,,,2026-02-26T04:46:40Z
2026-02-25 18:40:00Z,,69388.7547043279,,,2026-02-26T04:46:40Z
2026-02-25 18:41:00Z,,69494.03172111545,,,2026-02-26T04:46:40Z
2026-02-25 18:42:00Z,,69463.4300998117,,,2026-02-26T04:46:40Z
2026-02-25 18:43:00Z,,69424.1838607721,,,2026-02-26T04:46:40Z
2026-02-25 18:44:00Z,,69462.37879019747,,,2026-02-26T04:46:40Z
2026-02-25 18:45:00Z,,69319.7518132106,,,2026-02-26T04:46:40Z
2026-02-25 18:46:00Z,,69294.10561697156,,,2026-02-26T04:46:40Z
2026-02-25 18:47:00Z,,69312.77130323151,,,2026-02-26T04:46:40Z
2026-02-25 18:48:00Z,,69288.51825177998,,,2026-02-26T04:46:40Z
2026-02-25 18:49:00Z,,69277.65446030164,,,2026-02-26T04:46:40Z
2026-02-25 18:50:00Z,,69291.07417825975,,,2026-02-26T04:46:40Z
2026-02-25 18:51:00Z,,69271.44518005906,,,2026-02-26T04:46:40Z
2026-02-25 18:52:00Z,,69373.36219286278,,,2026-02-26T04:46:40Z
2026-02-25 18:53:00Z,,69322.63054126581,,,2026-02-26T04:46:40Z
2026-02-25 18:54:00Z,,69292.41436298731,,,2026-02-26T04:46:40Z
2026-02-25 18:55:00Z,,69325.54453880538,,,2026-02-26T04:46:40Z
2026-02-25 18:56:00Z,,69343.09262362124,,,2026-02-26T04:46:40Z
2026-02-25 18:57:00Z,,69332.3136420577,,,2026-02-26T04:46:40Z
2026-02-25 18:58:00Z,,69332.20859543634,,,2026-02-26T04:46:40Z
2026-02-25 18:59:00Z,,69308.42084989317,,,2026-02-26T04:46:40Z
2026-02-25 19:00:00Z,,69248.3003053292,,,2026-02-26T04:46:40Z
2026-02-25 19:01:00Z,,69201.46380609451,,,2026-02-26T04:46:40Z
2026-02-25 19:02:00Z,,69206.26225745441,,,2026-02-26T04:46:40Z
2026-02-25 19:03:00Z,,69142.2649526464,,,2026-02-26T04:46:40Z
2026-02-25 19:04:00Z,,69119.63053468299,,,2026-02-26T04:46:40Z
2026-02-25 19:05:00Z,,69107.90199288387,,,2026-02-26T04:46:40Z
2026-02-25 19:06:00Z,,69028.59255908974,,,2026-02-26T04:46:40Z
2026-02-25 19:07:00Z,,69085.14619050761,,,2026-02-26T04:46:40Z
2026-02-25 19:08:00Z,,69109.58087616054,,,2026-02-26T04:46:40Z
2026-02-25 19:09:00Z,,69028.41252308196,,,2026-02-26T04:46:40Z
2026-02-25 19:10:00Z,,68967.28755010094,,,2026-02-26T04:46:40Z
2026-02-25 19:11:00Z,,68808.44274435022,,,2026-02-26T04:46:40Z
2026-02-25 19:12:00Z,,68862.84716246059,,,2026-02-26T04:46:40Z
2026-02-25 19:13:00Z,,68829.63931856833,,,2026-02-26T04:46:40Z
2026-02-25 19:14:00Z,,68892.35708190483,,,2026-02-26T04:46:40Z
2026-02-25 19:15:00Z,,68943.75370665437,,,2026-02-26T04:46:40Z
2026-02-25 19:16:00Z,,68948.33017924355,,,2026-02-26T04:46:40Z
2026-02-25 19:17:00Z,,68917.39964871434,,,2026-02-26T04:46:40Z
2026-02-25 19:18:00Z,,68884.09059456538,,,2026-02-26T04:46:40Z
2026-02-25 19:19:00Z,,68872.00700552974,,,2026-02-26T04:46:40Z
2026-02-25 19:20:00Z,,68958.87043873193,,,2026-02-26T04:46:40Z
2026-02-25 19:21:00Z,,68977.82474427756,,,2026-02-26T04:46:40Z
2026-02-25 19:22:00Z,,68975.73358821539,,,2026-02-26T04:46:40Z
2026-02-25 19:23:00Z,,69068.98649115347,,,2026-02-26T04:46:40Z
2026-02-25 19:24:00Z,,69090.47096796277,,,2026-02-26T04:46:40Z
2026-02-25 19:25:00Z,,69013.47697414178,,,2026-02-26T04:46:40Z
2026-02-25 19:26:00Z,,68956.50236474305,,,2026-02-26T04:46:40Z
2026-02-25 19:27:00Z,,68943.69305534265,,,2026-02-26T04:46:40Z
2026-02-25 19:28:00Z,,68991.89078202193,,,2026-02-26T04:46:40Z
2026-02-25 19:29:00Z,,68950.41981177915,,,2026-02-26T04:46:40Z
2026-02-25 19:30:00Z,,68910.33113836097,,,2026-02-26T04:46:40Z
2026-02-25 19:31:00Z,,68892.00012650914,,,2026-02-26T04:46:40Z
2026-02-25 19:32:00Z,,68821.05597693974,,,2026-02-26T04:46:40Z
2026-02-25 19:33:00Z,,68817.26529572332,,,2026-02-26T04:46:40Z
2026-02-25 19:34:00Z,,68794.1323094904,,,2026-02-26T04:46:40Z
2026-02-25 19:35:00Z,,68828.60744595919,,,2026-02-26T04:46:40Z
2026-02-25 19:36:00Z,,68906.1869799625,,,2026-02-26T04:46:40Z
2026-02-25 19:37:00Z,,68863.72452514664,,,2026-02-26T04:46:40Z
2026-02-25 19:38:00Z,,68880.07561330307,,,2026-02-26T04:46:40Z
2026-02-25 19:39:00Z,,68842.04209727622,,,2026-02-26T04:46:40Z
2026-02-25 19:40:00Z,,68846.6270661883,,,2026-02-26T04:46:40Z
2026-02-25 19:41:00Z,,68847.97168813358,,,2026-02-26T04:46:40Z
2026-02-25 19:42:00Z,,68845.68424861672,,,2026-02-26T04:46:40Z
2026-02-25 19:43:00Z,,68857.74352479455,,,2026-02-26T04:46:40Z
2026-02-25 19:44:00Z,,68870.71533499508,,,2026-02-26T04:46:40Z
2026-02-25 19:45:00Z,,68831.84649439604,,,2026-02-26T04:46:40Z
2026-02-25 19:46:00Z,,68857.88845806096,,,2026-02-26T04:46:40Z
2026-02-25 19:47:00Z,,68899.0705376943,,,2026-02-26T04:46:40Z
2026-02-25 19:48:00Z,,68915.60775419837,,,2026-02-26T04:46:40Z
2026-02-25 19:49:00Z,,69057.1521912692,,,2026-02-26T04:46:40Z
2026-02-25 19:50:00Z,,69055.2024179162,,,2026-02-26T04:46:40Z
2026-02-25 19:51:00Z,,69013.07066909882,,,2026-02-26T04:46:40Z
2026-02-25 19:52:00Z,,68997.24166063755,,,2026-02-26T04:46:40Z
2026-02-25 19:53:00Z,,69024.16412621616,,,2026-02-26T04:46:40Z
2026-02-25 19:54:00Z,,69023.26892072367,,,2026-02-26T04:46:40Z
2026-02-25 19:55:00Z,,68985.6220583902,,,2026-02-26T04:46:40Z
2026-02-25 19:56:00Z,,69004.95203428261,,,2026-02-26T04:46:40Z
2026-02-25 19:57:00Z,,69028.71375861447,,,2026-02-26T04:46:40Z
2026-02-25 19:58:00Z,,69031.39614754193,,,2026-02-26T04:46:40Z
2026-02-25 19:59:00Z,,69009.57970842859,,,2026-02-26T04:46:40Z
2026-02-25 20:00:00Z,,69020.40728909301,,,2026-02-26T04:46:40Z
2026-02-25 20:01:00Z,,69026.41012855693,,,2026-02-26T04:46:40Z
2026-02-25 20:02:00Z,,69038.34276896856,,,2026-02-26T04:46:40Z
2026-02-25 20:03:00Z,,68972.53764084291,,,2026-02-26T04:46:40Z
2026-02-25 20:04:00Z,,68904.68561738949,,,2026-02-26T04:46:40Z
2026-02-25 20:05:00Z,,68909.16418380795,,,2026-02-26T04:46:40Z
2026-02-25 20:06:00Z,,68886.09581011577,,,2026-02-26T04:46:40Z
2026-02-25 20:07:00Z,,68910.05278628874,,,2026-02-26T04:46:40Z
2026-02-25 20:08:00Z,,68883.89924483029,,,2026-02-26T04:46:40Z
2026-02-25 20:09:00Z,,68887.74903733443,,,2026-02-26T04:46:40Z
2026-02-25 20:10:00Z,,68850.0141864472,,,2026-02-26T04:46:40Z
2026-02-25 20:11:00Z,,68785.69785518959,,,2026-02-26T04:46:40Z
2026-02-25 20:12:00Z,,68706.13685182783,,,2026-02-26T04:46:40Z
2026-02-25 20:13:00Z,,68676.34354369031,,,2026-02-26T04:46:40Z
2026-02-25 20:14:00Z,,68622.42650634899,,,2026-02-26T04:46:40Z
2026-02-25 20:15:00Z,,68673.116864002,,,2026-02-26T04:46:40Z
2026-02-25 20:16:00Z,,68724.11934129144,,,2026-02-26T04:46:40Z
2026-02-25 20:17:00Z,,68710.57428335893,,,2026-02-26T04:46:40Z
2026-02-25 20:18:00Z,,68708.98182869334,,,2026-02-26T04:46:40Z
2026-02-25 20:19:00Z,,68747.39738837202,,,2026-02-26T04:46:40Z
2026-02-25 20:20:00Z,,68755.06367880985,,,2026-02-26T04:46:40Z
2026-02-25 20:21:00Z,,68765.80284291807,,,2026-02-26T04:46:40Z
2026-02-25 20:22:00Z,,68754.30106685153,,,2026-02-26T04:46:40Z
2026-02-25 20:23:00Z,,68739.17666050087,,,2026-02-26T04:46:40Z
2026-02-25 20:24:00Z,,68752.17155468995,,,2026-02-26T04:46:40Z
2026-02-25 20:25:00Z,,68815.31718510258,,,2026-02-26T04:46:40Z
2026-02-25 20:26:00Z,,68829.66824517497,,,2026-02-26T04:46:40Z
2026-02-25 20:27:00Z,,68787.48346334127,,,2026-02-26T04:46:40Z
2026-02-25 20:28:00Z,,68806.37139493079,,,2026-02-26T04:46:40Z
2026-02-25 20:29:00Z,,68779.33508683226,,,2026-02-26T04:46:40Z
2026-02-25 20:30:00Z,,68859.45609703852,,,2026-02-26T04:46:40Z
2026-02-25 20:31:00Z,,68958.53632404793,,,2026-02-26T04:46:40Z
2026-02-25 20:32:00Z,,69118.72952530645,,,2026-02-26T04:46:40Z
2026-02-25 20:33:00Z,,69106.09236574692,,,2026-02-26T04:46:40Z
2026-02-25 20:34:00Z,,69128.82192482825,,,2026-02-26T04:46:40Z
2026-02-25 20:35:00Z,,69046.22055728015,,,2026-02-26T04:46:40Z
2026-02-25 20:36:00Z,,69023.96174235917,,,2026-02-26T04:46:40Z
2026-02-25 20:37:00Z,,69008.25550850925,,,2026-02-26T04:46:40Z
2026-02-25 20:38:00Z,,69043.01908764294,,,2026-02-26T04:46:40Z
2026-02-25 20:39:00Z,,69070.97535775614,,,2026-02-26T04:46:40Z
2026-02-25 20:40:00Z,,69068.96108488938,,,2026-02-26T04:46:40Z
2026-02-25 20:41:00Z,,69077.43246579608,,,2026-02-26T04:46:40Z
2026-02-25 20:42:00Z,,69084.50687771161,,,2026-02-26T04:46:40Z
2026-02-25 20:43:00Z,,69105.10168546018,,,2026-02-26T04:46:40Z
2026-02-25 20:44:00Z,,69102.43048627657,,,2026-02-26T04:46:40Z
2026-02-25 20:45:00Z,,69132.77052694935,,,2026-02-26T04:46:40Z
2026-02-25 20:46:00Z,,69161.12868145315,,,2026-02-26T04:46:40Z
2026-02-25 20:47:00Z,,69230.1321565851,,,2026-02-26T04:46:40Z
2026-02-25 20:48:00Z,,69345.46127557455,,,2026-02-26T04:46:40Z
2026-02-25 20:49:00Z,,69228.38099744552,,,2026-02-26T04:46:40Z
2026-02-25 20:50:00Z,,69217.45046006473,,,2026-02-26T04:46:40Z
2026-02-25 20:51:00Z,,69158.95182332743,,,2026-02-26T04:46:40Z
2026-02-25 20:52:00Z,,69166.00798849658,,,2026-02-26T04:46:40Z
2026-02-25 20:53:00Z,,69192.2074723665,,,2026-02-26T04:46:40Z
2026-02-25 20:54:00Z,,69202.37725300061,,,2026-02-26T04:46:40Z
2026-02-25 20:55:00Z,,69195.65698278724,,,2026-02-26T04:46:40Z
2026-02-25 20:56:00Z,,69208.12758815406,,,2026-02-26T04:46:40Z
2026-02-25 20:57:00Z,,69177.76525289964,,,2026-02-26T04:46:40Z
2026-02-25 20:58:00Z,,69137.96962795667,,,2026-02-26T04:46:40Z
2026-02-25 20:59:00Z,,69122.49282861591,,,2026-02-26T04:46:40Z
2026-02-25 21:00:00Z,,69090.5739112985,,,2026-02-26T04:46:40Z
2026-02-25 21:01:00Z,,69121.32054515221,,,2026-02-26T04:46:40Z
2026-02-25 21:02:00Z,,69156.98732921485,,,2026-02-26T04:46:40Z
2026-02-25 21:03:00Z,,69167.68053600394,,,2026-02-26T04:46:40Z
2026-02-25 21:04:00Z,,69115.84505387065,,,2026-02-26T04:46:40Z
2026-02-25 21:05:00Z,,69129.81187621181,,,2026-02-26T04:46:40Z
2026-02-25 21:06:00Z,,69109.73928470703,,,2026-02-26T04:46:40Z
2026-02-25 21:07:00Z,,69153.93536443541,,,2026-02-26T04:46:40Z
2026-02-25 21:08:00Z,,69187.76636101333,,,2026-02-26T04:46:40Z
2026-02-25 21:09:00Z,,69156.74946176872,,,2026-02-26T04:46:40Z
2026-02-25 21:10:00Z,,69060.44769996873,,,2026-02-26T04:46:40Z
2026-02-25 21:11:00Z,,69096.9316469823,,,2026-02-26T04:46:40Z
2026-02-25 21:12:00Z,,69083.20641438435,,,2026-02-26T04:46:40Z
2026-02-25 21:13:00Z,,69026.96858710628,,,2026-02-26T04:46:40Z
2026-02-25 21:14:00Z,,68967.88530516531,,,2026-02-26T04:46:40Z
2026-02-25 21:15:00Z,,68929.4542024097,,,2026-02-26T04:46:40Z
2026-02-25 21:16:00Z,,69030.1832144573,,,2026-02-26T04:46:40Z
2026-02-25 21:17:00Z,,68985.21285747433,,,2026-02-26T04:46:40Z
2026-02-25 21:18:00Z,,68994.96204824543,,,2026-02-26T04:46:40Z
2026-02-25 21:19:00Z,,68968.55837091277,,,2026-02-26T04:46:40Z
2026-02-25 21:20:00Z,,68943.55747546416,,,2026-02-26T04:46:40Z
2026-02-25 21:21:00Z,,68953.81283016686,,,2026-02-26T04:46:40Z
2026-02-25 21:22:00Z,,69018.60300661542,,,2026-02-26T04:46:40Z
2026-02-25 21:23:00Z,,69032.02974666725,,,2026-02-26T04:46:40Z
2026-02-25 21:24:00Z,,69015.84915532639,,,2026-02-26T04:46:40Z
2026-02-25 21:25:00Z,,68957.22847454189,,,2026-02-26T04:46:40Z
2026-02-25 21:26:00Z,,68959.35008083604,,,2026-02-26T04:46:40Z
2026-02-25 21:27:00Z,,68928.67635831959,,,2026-02-26T04:46:40Z
2026-02-25 21:28:00Z,,68909.44814359202,,,2026-02-26T04:46:40Z
2026-02-25 21:29:00Z,,68790.22548149727,,,2026-02-26T04:46:40Z
2026-02-25 21:30:00Z,,68779.55188680676,,,2026-02-26T04:46:40Z
2026-02-25 21:31:00Z,,68829.54124941293,,,2026-02-26T04:46:40Z
2026-02-25 21:32:00Z,,68793.39604405021,,,2026-02-26T04:46:40Z
2026-02-25 21:33:00Z,,69103.00245696693,,,2026-02-26T04:46:40Z
2026-02-25 21:34:00Z,,69247.08819750277,,,2026-02-26T04:46:40Z
2026-02-25 21:35:00Z,,69448.01244668434,,,2026-02-26T04:46:40Z
2026-02-25 21:36:00Z,,69890.12997043719,,,2026-02-26T04:46:40Z
2026-02-25 21:37:00Z,,69608.20129614712,,,2026-02-26T04:46:40Z
2026-02-25 21:38:00Z,,69461.22566395048,,,2026-02-26T04:46:40Z
2026-02-25 21:39:00Z,,69372.16456903634,,,2026-02-26T04:46:40Z
2026-02-25 21:40:00Z,,69378.20330418274,,,2026-02-26T04:46:40Z
2026-02-25 21:41:00Z,,69278.78685068546,,,2026-02-26T04:46:40Z
2026-02-25 21:42:00Z,,69225.9679302627,,,2026-02-26T04:46:40Z
2026-02-25 21:43:00Z,,69141.51838257648,,,2026-02-26T04:46:40Z
2026-02-25 21:44:00Z,,69206.81515612557,,,2026-02-26T04:46:40Z
2026-02-25 21:45:00Z,,69087.52018575257,,,2026-02-26T04:46:40Z
2026-02-25 21:46:00Z,,69003.39078497492,,,2026-02-26T04:46:40Z
2026-02-25 21:47:00Z,,68818.90110000315,,,2026-02-26T04:46:40Z
2026-02-25 21:48:00Z,,68953.11671599004,,,2026-02-26T04:46:40Z
2026-02-25 21:49:00Z,,68995.12252063502,,,2026-02-26T04:46:40Z
2026-02-25 21:50:00Z,,68956.08470583496,,,2026-02-26T04:46:40Z
2026-02-25 21:51:00Z,,69066.23988528483,,,2026-02-26T04:46:40Z
2026-02-25 21:52:00Z,,69043.30612602913,,,2026-02-26T04:46:40Z
2026-02-25 21:53:00Z,,68967.39693571784,,,2026-02-26T04:46:40Z
2026-02-25 21:54:00Z,,68977.00339037676,,,2026-02-26T04:46:40Z
2026-02-25 21:55:00Z,,68908.51560281783,,,2026-02-26T04:46:40Z
2026-02-25 21:56:00Z,,68990.27804373164,,,2026-02-26T04:46:40Z
2026-02-25 21:57:00Z,,68846.50830790636,,,2026-02-26T04:46:40Z
2026-02-25 21:58:00Z,,68883.784067333,,,2026-02-26T04:46:40Z
2026-02-25 21:59:00Z,,68894.40476609126,,,2026-02-26T04:46:40Z
2026-02-25 22:00:00Z,,69016.57336773475,,,2026-02-26T04:46:40Z
2026-02-25 22:01:00Z,,69042.46147263767,,,2026-02-26T04:46:40Z
2026-02-25 22:02:00Z,,68907.79373624409,,,2026-02-26T04:46:40Z
2026-02-25 22:03:00Z,,69018.13447713605,,,2026-02-26T04:46:40Z
2026-02-25 22:04:00Z,,69028.88524821786,,,2026-02-26T04:46:40Z
2026-02-25 22:05:00Z,,68983.7876484065,,,2026-02-26T04:46:40Z
2026-02-25 22:06:00Z,,68981.97121531246,,,2026-02-26T04:46:40Z
2026-02-25 22:07:00Z,,68970.97822476375,,,2026-02-26T04:46:40Z
2026-02-25 22:08:00Z,,68992.03286771952,,,2026-02-26T04:46:40Z
2026-02-25 22:09:00Z,,69009.53334084131,,,2026-02-26T04:46:40Z
2026-02-25 22:10:00Z,,69128.68460709877,,,2026-02-26T04:46:40Z
2026-02-25 22:11:00Z,,69146.84942856884,,,2026-02-26T04:46:40Z
2026-02-25 22:12:00Z,,69110.75338079494,,,2026-02-26T04:46:40Z
2026-02-25 22:13:00Z,,69078.65639388004,,,2026-02-26T04:46:40Z
2026-02-25 22:14:00Z,,69060.24491092071,,,2026-02-26T04:46:40Z
2026-02-25 22:15:00Z,,69015.63572834697,,,2026-02-26T04:46:40Z
2026-02-25 22:16:00Z,,68997.99923417678,,,2026-02-26T04:46:40Z
2026-02-25 22:17:00Z,,68892.79560162255,,,2026-02-26T04:46:40Z
2026-02-25 22:18:00Z,,68904.4012770375,,,2026-02-26T04:46:40Z
2026-02-25 22:19:00Z,,68913.44395843425,,,2026-02-26T04:46:40Z
2026-02-25 22:20:00Z,,68872.48468723717,,,2026-02-26T04:46:40Z
2026-02-25 22:21:00Z,,68905.94065361559,,,2026-02-26T04:46:40Z
2026-02-25 22:22:00Z,,68879.65218728682,,,2026-02-26T04:46:40Z
2026-02-25 22:23:00Z,,68880.51234144131,,,2026-02-26T04:46:40Z
2026-02-25 22:24:00Z,,68895.75956914682,,,2026-02-26T04:46:40Z
2026-02-25 22:25:00Z,,68889.69716923077,,,2026-02-26T04:46:40Z
2026-02-25 22:26:00Z,,68824.6167434046,,,2026-02-26T04:46:40Z
2026-02-25 22:27:00Z,,68894.22730789054,,,2026-02-26T04:46:40Z
2026-02-25 22:28:00Z,,68892.01464259933,,,2026-02-26T04:46:40Z
2026-02-25 22:29:00Z,,68860.4668165496,,,2026-02-26T04:46:40Z
2026-02-25 22:30:00Z,,68850.19482848218,,,2026-02-26T04:46:40Z
2026-02-25 22:31:00Z,,68818.15416979553,,,2026-02-26T04:46:40Z
2026-02-25 22:32:00Z,,68754.09503172208,,,2026-02-26T04:46:40Z
2026-02-25 22:33:00Z,,68743.44713636614,,,2026-02-26T04:46:40Z
2026-02-25 22:34:00Z,,68812.95796820452,,,2026-02-26T04:46:40Z
2026-02-25 22:35:00Z,,68845.83379107756,,,2026-02-26T04:46:40Z
2026-02-25 22:36:00Z,,68747.81429453727,,,2026-02-26T04:46:40Z
2026-02-25 22:37:00Z,,68719.70226213368,,,2026-02-26T04:46:40Z
2026-02-25 22:38:00Z,,68733.51195661229,,,2026-02-26T04:46:40Z
2026-02-25 22:39:00Z,,68651.742273639,,,2026-02-26T04:46:40Z
2026-02-25 22:40:00Z,,68306.66442565496,,,2026-02-26T04:46:40Z
2026-02-25 22:41:00Z,,68477.24669468563,,,2026-02-26T04:46:40Z
2026-02-25 22:42:00Z,,68460.78876300617,,,2026-02-26T04:46:40Z
2026-02-25 22:43:00Z,,68440.39569216486,,,2026-02-26T04:46:40Z
2026-02-25 22:44:00Z,,68401.02436955048,,,2026-02-26T04:46:40Z
2026-02-25 22:45:00Z,,68466.97275106794,,,2026-02-26T04:46:40Z
2026-02-25 22:46:00Z,,68470.94994928018,,,2026-02-26T04:46:40Z
2026-02-25 22:47:00Z,,68475.59678583381,,,2026-02-26T04:46:40Z
2026-02-25 22:48:00Z,,68428.6336489567,,,2026-02-26T04:46:40Z
2026-02-25 22:49:00Z,,68418.05728103229,,,2026-02-26T04:46:40Z
2026-02-25 22:50:00Z,,68084.4565373955,,,2026-02-26T04:46:40Z
2026-02-25 22:51:00Z,,68154.1774256223,,,2026-02-26T04:46:40Z
2026-02-25 22:52:00Z,,68112.54371159188,,,2026-02-26T04:46:40Z
2026-02-25 22:53:00Z,,68069.6801752434,,,2026-02-26T04:46:40Z
2026-02-25 22:54:00Z,,68106.51541264483,,,2026-02-26T04:46:40Z
2026-02-25 22:55:00Z,,68235.87343191946,,,2026-02-26T04:46:40Z
2026-02-25 22:56:00Z,,68232.3431921877,,,2026-02-26T04:46:40Z
2026-02-25 22:57:00Z,,68276.32265256121,,,2026-02-26T04:46:40Z
2026-02-25 22:58:00Z,,68393.83143532967,,,2026-02-26T04:46:40Z
2026-02-25 22:59:00Z,,68443.27594793486,,,2026-02-26T04:46:40Z
2026-02-25 23:00:00Z,,68394.43837075711,,,2026-02-26T04:46:40Z
2026-02-25 23:01:00Z,,68324.32378150469,,,2026-02-26T04:46:40Z
2026-02-25 23:02:00Z,,68255.5726652489,,,2026-02-26T04:46:40Z
2026-02-25 23:03:00Z,,68308.70629667828,,,2026-02-26T04:46:40Z
2026-02-25 23:04:00Z,,68351.01933528876,,,2026-02-26T04:46:40Z
2026-02-25 23:05:00Z,,68387.66756159165,,,2026-02-26T04:46:40Z
2026-02-25 23:06:00Z,,68466.02990815582,,,2026-02-26T04:46:40Z
2026-02-25 23:07:00Z,,68554.00221039914,,,2026-02-26T04:46:40Z
2026-02-25 23:08:00Z,,68638.12146388637,,,2026-02-26T04:46:40Z
2026-02-25 23:09:00Z,,68573.68943185547,,,2026-02-26T04:46:40Z
2026-02-25 23:10:00Z,,68531.20669878756,,,2026-02-26T04:46:40Z
2026-02-25 23:11:00Z,,68480.65711063222,,,2026-02-26T04:46:40Z
2026-02-25 23:12:00Z,,68511.44603725254,,,2026-02-26T04:46:40Z
2026-02-25 23:13:00Z,,68491.51182600635,,,2026-02-26T04:46:40Z
2026-02-25 23:14:00Z,,68498.13165609294,,,2026-02-26T04:46:40Z
2026-02-25 23:15:00Z,,68453.23492057066,,,2026-02-26T04:46:40Z
2026-02-25 23:16:00Z,,68424.54858653646,,,2026-02-26T04:46:40Z
2026-02-25 23:17:00Z,,68475.0601759844,,,2026-02-26T04:46:40Z
2026-02-25 23:18:00Z,,68403.31194064065,,,2026-02-26T04:46:40Z
2026-02-25 23:19:00Z,,68286.05064845699,,,2026-02-26T04:46:40Z
2026-02-25 23:20:00Z,,68296.4265726232,,,2026-02-26T04:46:40Z
2026-02-25 23:21:00Z,,68258.14478688176,,,2026-02-26T04:46:40Z
2026-02-25 23:22:00Z,,68263.48012537332,,,2026-02-26T04:46:40Z
2026-02-25 23:23:00Z,,68280.06738188036,,,2026-02-26T04:46:40Z
2026-02-25 23:24:00Z,,68281.8024907002,,,2026-02-26T04:46:40Z
2026-02-25 23:25:00Z,,68309.0745905444,,,2026-02-26T04:46:40Z
2026-02-25 23:26:00Z,,68306.17843272466,,,2026-02-26T04:46:40Z
2026-02-25 23:27:00Z,,68307.42171572158,,,2026-02-26T04:46:40Z
2026-02-25 23:28:00Z,,68325.36955540719,,,2026-02-26T04:46:40Z
2026-02-25 23:29:00Z,,68247.63230124886,,,2026-02-26T04:46:40Z
2026-02-25 23:30:00Z,,68206.40857666623,,,2026-02-26T04:46:40Z
2026-02-25 23:31:00Z,,68151.22658249197,,,2026-02-26T04:46:40Z
2026-02-25 23:32:00Z,,68079.23387780046,,,2026-02-26T04:46:40Z
2026-02-25 23:33:00Z,,68094.21390802365,,,2026-02-26T04:46:40Z
2026-02-25 23:34:00Z,,68109.51662145044,,,2026-02-26T04:46:40Z
2026-02-25 23:35:00Z,,68125.73633728444,,,2026-02-26T04:46:40Z
2026-02-25 23:36:00Z,,68121.03279111334,,,2026-02-26T04:46:40Z
2026-02-25 23:37:00Z,,68115.63552565243,,,2026-02-26T04:46:40Z
2026-02-25 23:38:00Z,,68145.8053039595,,,2026-02-26T04:46:40Z
2026-02-25 23:39:00Z,,68006.59655959315,,,2026-02-26T04:46:40Z
2026-02-25 23:40:00Z,,67910.13951151422,,,2026-02-26T04:46:40Z
2026-02-25 23:41:00Z,,67828.06971529988,,,2026-02-26T04:46:40Z
2026-02-25 23:42:00Z,,67622.53837907921,,,2026-02-26T04:46:40Z
2026-02-25 23:43:00Z,,67681.99247071655,,,2026-02-26T04:46:40Z
2026-02-25 23:44:00Z,,67679.82848257766,,,2026-02-26T04:46:40Z
2026-02-25 23:45:00Z,,67740.03463467483,,,2026-02-26T04:46:40Z
2026-02-25 23:46:00Z,,67743.98067845886,,,2026-02-26T04:46:40Z
2026-02-25 23:47:00Z,,67766.75720686726,,,2026-02-26T04:46:40Z
2026-02-25 23:48:00Z,,67723.61247821886,,,2026-02-26T04:46:40Z
2026-02-25 23:49:00Z,,67696.81122505637,,,2026-02-26T04:46:40Z
2026-02-25 23:50:00Z,,67813.28556974906,,,2026-02-26T04:46:40Z
2026-02-25 23:51:00Z,,67839.04026311442,,,2026-02-26T04:46:40Z
2026-02-25 23:52:00Z,,67936.10552362297,,,2026-02-26T04:46:40Z
2026-02-25 23:53:00Z,,67958.20084864904,,,2026-02-26T04:46:40Z
2026-02-25 23:54:00Z,,67937.41872260364,,,2026-02-26T04:46:40Z
2026-02-25 23:55:00Z,,67904.41243195867,,,2026-02-26T04:46:40Z
2026-02-25 23:56:00Z,,67933.02430916984,,,2026-02-26T04:46:40Z
2026-02-25 23:57:00Z,,67939.60338467092,,,2026-02-26T04:46:40Z
2026-02-25 23:58:00Z,,67914.5861951123,,,2026-02-26T04:46:40Z
2026-02-25 23:59:00Z,,67963.18665750822,,,2026-02-26T04:46:40Z
2026-02-26 00:00:00Z,,67887.94157069206,,,2026-02-26T04:46:40Z
2026-02-26 00:01:00Z,,67761.4588325884,,,2026-02-26T04:46:40Z
2026-02-26 00:02:00Z,,67708.87184685288,,,2026-02-26T04:46:40Z
2026-02-26 00:03:00Z,,67885.55700342022,,,2026-02-26T04:46:40Z
2026-02-26 00:04:00Z,,67775.44035222952,,,2026-02-26T04:46:40Z
2026-02-26 00:05:00Z,,67777.91840908036,,,2026-02-26T04:46:40Z
2026-02-26 00:06:00Z,,67894.67766038062,,,2026-02-26T04:46:40Z
2026-02-26 00:07:00Z,,67970.44631025809,,,2026-02-26T04:46:40Z
2026-02-26 00:08:00Z,,67944.52967731979,,,2026-02-26T04:46:40Z
2026-02-26 00:09:00Z,,68077.23548982544,,,2026-02-26T04:46:40Z
2026-02-26 00:10:00Z,,67998.9036076026,,,2026-02-26T04:46:40Z
2026-02-26 00:11:00Z,,68034.63864795855,,,2026-02-26T04:46:40Z
2026-02-26 00:12:00Z,,68118.23884390283,,,2026-02-26T04:46:40Z
2026-02-26 00:13:00Z,,68117.77372876668,,,2026-02-26T04:46:40Z
2026-02-26 00:14:00Z,,68132.40434526662,,,2026-02-26T04:46:40Z
2026-02-26 00:15:00Z,,68135.06024692411,,,2026-02-26T04:46:40Z
2026-02-26 00:16:00Z,,68211.21397489995,,,2026-02-26T04:46:40Z
2026-02-26 00:17:00Z,,68253.21432321127,,,2026-02-26T04:46:40Z
2026-02-26 00:18:00Z,,68259.81215511965,,,2026-02-26T04:46:40Z
2026-02-26 00:19:00Z,,68155.7264258101,,,2026-02-26T04:46:40Z
2026-02-26 00:20:00Z,,68220.74216845882,,,2026-02-26T04:46:40Z
2026-02-26 00:21:00Z,,68219.31900967791,,,2026-02-26T04:46:40Z
2026-02-26 00:22:00Z,,68382.7475916916,,,2026-02-26T04:46:40Z
2026-02-26 00:23:00Z,,68291.15503611113,,,2026-02-26T04:46:40Z
2026-02-26 00:24:00Z,,68352.17299989138,,,2026-02-26T04:46:40Z
2026-02-26 00:25:00Z,,68291.6740814628,,,2026-02-26T04:46:40Z
2026-02-26 00:26:00Z,,68366.0100613867,,,2026-02-26T04:46:40Z
2026-02-26 00:27:00Z,,68293.97176065159,,,2026-02-26T04:46:40Z
2026-02-26 00:28:00Z,,68297.3446515554,,,2026-02-26T04:46:40Z
2026-02-26 00:29:00Z,,68253.67477243976,,,2026-02-26T04:46:40Z
2026-02-26 00:30:00Z,,68368.41405404442,,,2026-02-26T04:46:40Z
2026-02-26 00:31:00Z,,68391.90185222284,,,2026-02-26T04:46:40Z
2026-02-26 00:32:00Z,,68457.20479576955,,,2026-02-26T04:46:40Z
2026-02-26 00:33:00Z,,68452.79048707568,,,2026-02-26T04:46:40Z
2026-02-26 00:34:00Z,,68454.71481644096,,,2026-02-26T04:46:40Z
2026-02-26 00:35:00Z,,68502.7896568125,,,2026-02-26T04:46:40Z
2026-02-26 00:36:00Z,,68369.4146986336,,,2026-02-26T04:46:40Z
2026-02-26 00:37:00Z,,68312.84017017092,,,2026-02-26T04:46:40Z
2026-02-26 00:38:00Z,,68216.40647449088,,,2026-02-26T04:46:40Z
2026-02-26 00:39:00Z,,68129.08983485251,,,2026-02-26T04:46:40Z
2026-02-26 00:40:00Z,,68041.57970979014,,,2026-02-26T04:46:40Z
2026-02-26 00:41:00Z,,68063.65014789827,,,2026-02-26T04:46:40Z
2026-02-26 00:42:00Z,,68154.69743718654,,,2026-02-26T04:46:40Z
2026-02-26 00:43:00Z,,68191.23525336584,,,2026-02-26T04:46:40Z
2026-02-26 00:44:00Z,,68177.15899986317,,,2026-02-26T04:46:40Z
2026-02-26 00:45:00Z,,68140.63797906628,,,2026-02-26T04:46:40Z
2026-02-26 00:46:00Z,,68168.43126727804,,,2026-02-26T04:46:40Z
2026-02-26 00:47:00Z,,68178.29908117978,,,2026-02-26T04:46:40Z
2026-02-26 00:48:00Z,,68181.83000999404,,,2026-02-26T04:46:40Z
2026-02-26 00:49:00Z,,68199.90281365719,,,2026-02-26T04:46:40Z
2026-02-26 00:50:00Z,,68173.4244975357,,,2026-02-26T04:46:40Z
2026-02-26 00:51:00Z,,68149.49946267951,,,2026-02-26T04:46:40Z
2026-02-26 00:52:00Z,,68164.62738406261,,,2026-02-26T04:46:40Z
2026-02-26 00:53:00Z,,68143.90488404909,,,2026-02-26T04:46:40Z
2026-02-26 00:54:00Z,,68301.52293799465,,,2026-02-26T04:46:40Z
2026-02-26 00:55:00Z,,68314.85665974463,,,2026-02-26T04:46:40Z
2026-02-26 00:56:00Z,,68320.80793696063,,,2026-02-26T04:46:40Z
2026-02-26 00:57:00Z,,68308.7008215144,,,2026-02-26T04:46:40Z
2026-02-26 00:58:00Z,,68311.15116913119,,,2026-02-26T04:46:40Z
2026-02-26 00:59:00Z,,68316.46305939197,,,2026-02-26T04:46:40Z
2026-02-26 01:00:00Z,,68304.95622677206,,,2026-02-26T04:46:40Z
2026-02-26 01:01:00Z,,68248.95321732681,,,2026-02-26T04:46:40Z
2026-02-26 01:02:00Z,,68251.75773076252,,,2026-02-26T04:46:40Z
2026-02-26 01:03:00Z,,68399.81020688753,,,2026-02-26T04:46:40Z
2026-02-26 01:04:00Z,,68454.11382067166,,,2026-02-26T04:46:40Z
2026-02-26 01:05:00Z,,68428.47824643101,,,2026-02-26T04:46:40Z
2026-02-26 01:06:00Z,,68431.03958334007,,,2026-02-26T04:46:40Z
2026-02-26 01:07:00Z,,68679.74260639238,,,2026-02-26T04:46:40Z
2026-02-26 01:08:00Z,,68591.38655673976,,,2026-02-26T04:46:40Z
2026-02-26 01:09:00Z,,68530.30252741557,,,2026-02-26T04:46:40Z
2026-02-26 01:10:00Z,,68532.67452607027,,,2026-02-26T04:46:40Z
2026-02-26 01:11:00Z,,68497.47461811888,,,2026-02-26T04:46:40Z
2026-02-26 01:12:00Z,,68506.11062491401,,,2026-02-26T04:46:40Z
2026-02-26 01:13:00Z,,68520.90535381691,,,2026-02-26T04:46:40Z
2026-02-26 01:14:00Z,,68538.27832225795,,,2026-02-26T04:46:40Z
2026-02-26 01:15:00Z,,68508.93353464594,,,2026-02-26T04:46:40Z
2026-02-26 01:16:00Z,,68468.88974688438,,,2026-02-26T04:46:40Z
2026-02-26 01:17:00Z,,68468.80064584612,,,2026-02-26T04:46:40Z
2026-02-26 01:18:00Z,,68489.84522094947,,,2026-02-26T04:46:40Z
2026-02-26 01:19:00Z,,68495.67827619945,,,2026-02-26T04:46:40Z
2026-02-26 01:20:00Z,,68468.89052184818,,,2026-02-26T04:46:40Z
2026-02-26 01:21:00Z,,68477.22122377834,,,2026-02-26T04:46:40Z
2026-02-26 01:22:00Z,,68433.5707778557,,,2026-02-26T04:46:40Z
2026-02-26 01:23:00Z,,68430.17918105822,,,2026-02-26T04:46:40Z
2026-02-26 01:24:00Z,,68500.76514124047,,,2026-02-26T04:46:40Z
2026-02-26 01:25:00Z,,68459.76390313082,,,2026-02-26T04:46:40Z
2026-02-26 01:26:00Z,,68435.0505909773,,,2026-02-26T04:46:40Z
2026-02-26 01:27:00Z,,68402.58752624699,,,2026-02-26T04:46:40Z
2026-02-26 01:28:00Z,,68406.63528093466,,,2026-02-26T04:46:40Z
2026-02-26 01:29:00Z,,68362.86993727279,,,2026-02-26T04:46:40Z
2026-02-26 01:30:00Z,,68324.06339684708,,,2026-02-26T04:46:40Z
2026-02-26 01:31:00Z,,68285.82131301414,,,2026-02-26T04:46:40Z
2026-02-26 01:32:00Z,,68301.15264425296,,,2026-02-26T04:46:40Z
2026-02-26 01:33:00Z,,68220.1967713956,,,2026-02-26T04:46:40Z
2026-02-26 01:34:00Z,,68305.46876812552,,,2026-02-26T04:46:40Z
2026-02-26 01:35:00Z,,68338.1121463931,,,2026-02-26T04:46:40Z
2026-02-26 01:36:00Z,,68347.0397593458,,,2026-02-26T04:46:40Z
2026-02-26 01:37:00Z,,68349.96361562816,,,2026-02-26T04:46:40Z
2026-02-26 01:38:00Z,,68328.82147123053,,,2026-02-26T04:46:40Z
2026-02-26 01:39:00Z,,68342.34661398115,,,2026-02-26T04:46:40Z
2026-02-26 01:40:00Z,,68427.57685815867,,,2026-02-26T04:46:40Z
2026-02-26 01:41:00Z,,68523.14421996675,,,2026-02-26T04:46:40Z
2026-02-26 01:42:00Z,,68472.42049994251,,,2026-02-26T04:46:40Z
2026-02-26 01:43:00Z,,68460.2496301,,,2026-02-26T04:46:40Z
2026-02-26 01:44:00Z,,68324.85619585305,,,2026-02-26T04:46:40Z
2026-02-26 01:45:00Z,,68259.93462819445,,,2026-02-26T04:46:40Z
2026-02-26 01:46:00Z,,68311.21952732332,,,2026-02-26T04:46:40Z
2026-02-26 01:47:00Z,,68335.17697637872,,,2026-02-26T04:46:40Z
2026-02-26 01:48:00Z,,68328.67442951117,,,2026-02-26T04:46:40Z
2026-02-26 01:49:00Z,,68335.27130166547,,,2026-02-26T04:46:40Z
2026-02-26 01:50:00Z,,68309.85772088666,,,2026-02-26T04:46:40Z
2026-02-26 01:51:00Z,,68330.2628516305,,,2026-02-26T04:46:40Z
2026-02-26 01:52:00Z,,68241.14125788257,,,2026-02-26T04:46:40Z
2026-02-26 01:53:00Z,,68255.2388863276,,,2026-02-26T04:46:40Z
2026-02-26 01:54:00Z,,68214.5825350236,,,2026-02-26T04:46:40Z
2026-02-26 01:55:00Z,,68250.12721998074,,,2026-02-26T04:46:40Z
2026-02-26 01:56:00Z,,68257.59826863921,,,2026-02-26T04:46:40Z
2026-02-26 01:57:00Z,,68230.54214786766,,,2026-02-26T04:46:40Z
2026-02-26 01:58:00Z,,68252.14628890468,,,2026-02-26T04:46:40Z
2026-02-26 01:59:00Z,,68224.71935769015,,,2026-02-26T04:46:40Z
2026-02-26 02:00:00Z,,68172.91224021825,,,2026-02-26T04:46:40Z
2026-02-26 02:01:00Z,,68109.68272285376,,,2026-02-26T04:46:40Z
2026-02-26 02:02:00Z,,68044.31949550832,,,2026-02-26T04:46:40Z
2026-02-26 02:03:00Z,,67997.81346794176,,,2026-02-26T04:46:40Z
2026-02-26 02:04:00Z,,67966.06194095583,,,2026-02-26T04:46:40Z
2026-02-26 02:05:00Z,,67978.16742939423,,,2026-02-26T04:46:40Z
2026-02-26 02:06:00Z,,67923.57771755182,,,2026-02-26T04:46:40Z
2026-02-26 02:07:00Z,,67903.27773989235,,,2026-02-26T04:46:40Z
2026-02-26 02:08:00Z,,67949.69502092744,,,2026-02-26T04:46:40Z
2026-02-26 02:09:00Z,,67993.72688136612,,,2026-02-26T04:46:40Z
2026-02-26 02:10:00Z,,67901.99405655789,,,2026-02-26T04:46:40Z
2026-02-26 02:11:00Z,,67897.65203840233,,,2026-02-26T04:46:40Z
2026-02-26 02:12:00Z,,67854.46369467188,,,2026-02-26T04:46:40Z
2026-02-26 02:13:00Z,,67786.88898481424,,,2026-02-26T04:46:40Z
2026-02-26 02:14:00Z,,67835.91852614912,,,2026-02-26T04:46:40Z
2026-02-26 02:15:00Z,,67881.13210678533,,,2026-02-26T04:46:40Z
2026-02-26 02:16:00Z,,67930.80469186997,,,2026-02-26T04:46:40Z
2026-02-26 02:17:00Z,,68081.38843229608,,,2026-02-26T04:46:40Z
2026-02-26 02:18:00Z,,68048.3532556715,,,2026-02-26T04:46:40Z
2026-02-26 02:19:00Z,,68001.2077988824,,,2026-02-26T04:46:40Z
2026-02-26 02:20:00Z,,67991.934552015,,,2026-02-26T04:46:40Z
2026-02-26 02:21:00Z,,68017.57735229621,,,2026-02-26T04:46:40Z
2026-02-26 02:22:00Z,,67979.08031208778,,,2026-02-26T04:46:40Z
2026-02-26 02:23:00Z,,67922.50269940161,,,2026-02-26T04:46:40Z
2026-02-26 02:24:00Z,,67922.04460915175,,,2026-02-26T04:46:40Z
2026-02-26 02:25:00Z,,67891.06256954878,,,2026-02-26T04:46:40Z
2026-02-26 02:26:00Z,,67912.10630203578,,,2026-02-26T04:46:40Z
2026-02-26 02:27:00Z,,67943.83102829325,,,2026-02-26T04:46:40Z
2026-02-26 02:28:00Z,,67945.02408631709,,,2026-02-26T04:46:40Z
2026-02-26 02:29:00Z,,67921.91377354678,,,2026-02-26T04:46:40Z
2026-02-26 02:30:00Z,,67972.88325640961,,,2026-02-26T04:46:40Z
2026-02-26 02:31:00Z,,68041.77062627762,,,2026-02-26T04:46:40Z
2026-02-26 02:32:00Z,,68038.63482619189,,,2026-02-26T04:46:40Z
2026-02-26 02:33:00Z,,68029.95211127799,,,2026-02-26T04:46:40Z
2026-02-26 02:34:00Z,,67998.60803995351,,,2026-02-26T04:46:40Z
2026-02-26 02:35:00Z,,67999.56697566924,,,2026-02-26T04:46:40Z
2026-02-26 02:36:00Z,,68040.7012977063,,,2026-02-26T04:46:40Z
2026-02-26 02:37:00Z,,68009.79158768995,,,2026-02-26T04:46:40Z
2026-02-26 02:38:00Z,,67968.97990389913,,,2026-02-26T04:46:40Z
2026-02-26 02:39:00Z,,67966.06667995336,,,2026-02-26T04:46:40Z
2026-02-26 02:40:00Z,,67946.15997996111,,,2026-02-26T04:46:40Z
2026-02-26 02:41:00Z,,67964.07538008601,,,2026-02-26T04:46:40Z
2026-02-26 02:42:00Z,,68056.05939576429,,,2026-02-26T04:46:40Z
2026-02-26 02:43:00Z,,68160.28193365752,,,2026-02-26T04:46:40Z
2026-02-26 02:44:00Z,,68169.82811554374,,,2026-02-26T04:46:40Z
2026-02-26 02:45:00Z,,68157.7532441607,,,2026-02-26T04:46:40Z
2026-02-26 02:46:00Z,,68228.4245077016,,,2026-02-26T04:46:40Z
2026-02-26 02:47:00Z,,68174.6178324337,,,2026-02-26T04:46:40Z
2026-02-26 02:48:00Z,,68080.96941098435,,,2026-02-26T04:46:40Z
2026-02-26 02:49:00Z,,68107.14626806338,,,2026-02-26T04:46:40Z
2026-02-26 02:50:00Z,,68174.2976423298,,,2026-02-26T04:46:40Z
2026-02-26 02:51:00Z,,68181.9511746119,,,2026-02-26T04:46:40Z
2026-02-26 02:52:00Z,,68187.12119513004,,,2026-02-26T04:46:40Z
2026-02-26 02:53:00Z,,68214.11484977578,,,2026-02-26T04:46:40Z
2026-02-26 02:54:00Z,,68211.99662433619,,,2026-02-26T04:46:40Z
2026-02-26 02:55:00Z,,68199.9505437462,,,2026-02-26T04:46:40Z
2026-02-26 02:56:00Z,,68273.57246150427,,,2026-02-26T04:46:40Z
2026-02-26 02:57:00Z,,68254.50297636417,,,2026-02-26T04:46:40Z
2026-02-26 02:58:00Z,,68228.21204744146,,,2026-02-26T04:46:40Z
2026-02-26 02:59:00Z,,68225.14255987659,,,2026-02-26T04:46:40Z
2026-02-26 03:00:00Z,,68214.6252128665,,,2026-02-26T04:46:40Z
2026-02-26 03:01:00Z,,68284.87984071678,,,2026-02-26T04:46:40Z
2026-02-26 03:02:00Z,,68229.891819289,,,2026-02-26T04:46:40Z
2026-02-26 03:03:00Z,,68322.01514244314,,,2026-02-26T04:46:40Z
2026-02-26 03:04:00Z,,68257.56184119708,,,2026-02-26T04:46:40Z
2026-02-26 03:05:00Z,,68207.6291473726,,,2026-02-26T04:46:40Z
2026-02-26 03:06:00Z,,68140.64885880328,,,2026-02-26T04:46:40Z
2026-02-26 03:07:00Z,,68123.10445788383,,,2026-02-26T04:46:40Z
2026-02-26 03:08:00Z,,68129.52963287517,,,2026-02-26T04:46:40Z
2026-02-26 03:09:00Z,,68036.85171761687,,,2026-02-26T04:46:40Z
2026-02-26 03:10:00Z,,68039.27693465982,,,2026-02-26T04:46:40Z
2026-02-26 03:11:00Z,,68084.72748643199,,,2026-02-26T04:46:40Z
2026-02-26 03:12:00Z,,68069.58505425486,,,2026-02-26T04:46:40Z
2026-02-26 03:13:00Z,,68076.73165191044,,,2026-02-26T04:46:40Z
2026-02-26 03:14:00Z,,68116.8471220239,,,2026-02-26T04:46:40Z
2026-02-26 03:15:00Z,,68114.96453454133,,,2026-02-26T04:46:40Z
2026-02-26 03:16:00Z,,68115.5376522711,,,2026-02-26T04:46:40Z
2026-02-26 03:17:00Z,,68139.83951008413,,,2026-02-26T04:46:40Z
2026-02-26 03:18:00Z,,68133.2931748113,,,2026-02-26T04:46:40Z
2026-02-26 03:19:00Z,,68130.6514288108,,,2026-02-26T04:46:40Z
2026-02-26 03:20:00Z,,68058.74848773451,,,2026-02-26T04:46:40Z
2026-02-26 03:21:00Z,,68089.41388002323,,,2026-02-26T04:46:40Z
2026-02-26 03:22:00Z,,68068.51253307097,,,2026-02-26T04:46:40Z
2026-02-26 03:23:00Z,,68072.65669884178,,,2026-02-26T04:46:40Z
2026-02-26 03:24:00Z,,68056.97080611167,,,2026-02-26T04:46:40Z
2026-02-26 03:25:00Z,,68092.0963403618,,,2026-02-26T04:46:40Z
2026-02-26 03:26:00Z,,68068.21022311976,,,2026-02-26T04:46:40Z
2026-02-26 03:27:00Z,,68077.43743003478,,,2026-02-26T04:46:40Z
2026-02-26 03:28:00Z,,68084.29368920198,,,2026-02-26T04:46:40Z
2026-02-26 03:29:00Z,,68072.52736862848,,,2026-02-26T04:46:40Z
2026-02-26 03:30:00Z,,68052.25993699423,,,2026-02-26T04:46:40Z
2026-02-26 03:31:00Z,,68143.44626067119,,,2026-02-26T04:46:40Z
2026-02-26 03:32:00Z,,68173.91984436591,,,2026-02-26T04:46:40Z
2026-02-26 03:33:00Z,,68222.80590734097,,,2026-02-26T04:46:40Z
2026-02-26 03:34:00Z,,68248.60577233652,,,2026-02-26T04:46:40Z
2026-02-26 03:35:00Z,,68242.90894029585,,,2026-02-26T04:46:40Z
2026-02-26 03:36:00Z,,68196.70321448255,,,2026-02-26T04:46:40Z
2026-02-26 03:37:00Z,,68167.92537277119,,,2026-02-26T04:46:40Z
2026-02-26 03:38:00Z,,68166.56644632143,,,2026-02-26T04:46:40Z
2026-02-26 03:39:00Z,,68110.61697731187,,,2026-02-26T04:46:40Z
2026-02-26 03:40:00Z,,68152.51582812009,,,2026-02-26T04:46:40Z
2026-02-26 03:41:00Z,,68217.96797318525,,,2026-02-26T04:46:40Z
2026-02-26 03:42:00Z,,68239.24106572436,,,2026-02-26T04:46:40Z
2026-02-26 03:43:00Z,,68237.13357715159,,,2026-02-26T04:46:40Z
2026-02-26 03:44:00Z,,68206.77134620315,,,2026-02-26T04:46:40Z
2026-02-26 03:45:00Z,,68233.48457557157,,,2026-02-26T04:46:40Z
2026-02-26 03:46:00Z,,68265.31171764673,,,2026-02-26T04:46:40Z
2026-02-26 03:47:00Z,,68274.3163546045,,,2026-02-26T04:46:40Z
2026-02-26 03:48:00Z,,68257.28149256692,,,2026-02-26T04:46:40Z
2026-02-26 03:49:00Z,,68262.48020063638,,,2026-02-26T04:46:40Z
2026-02-26 03:50:00Z,,68257.40407682197,,,2026-02-26T04:46:40Z
2026-02-26 03:51:00Z,,68250.24790717688,,,2026-02-26T04:46:40Z
2026-02-26 03:52:00Z,,68232.09192623512,,,2026-02-26T04:46:40Z
2026-02-26 03:53:00Z,,68210.72431796837,,,2026-02-26T04:46:40Z
2026-02-26 03:54:00Z,,68172.86449733666,,,2026-02-26T04:46:40Z
2026-02-26 03:55:00Z,,68176.32983237431,,,2026-02-26T04:46:40Z
2026-02-26 03:56:00Z,,68196.86864372385,,,2026-02-26T04:46:40Z
2026-02-26 03:57:00Z,,68168.93088790617,,,2026-02-26T04:46:40Z
2026-02-26 03:58:00Z,,68175.88919852892,,,2026-02-26T04:46:40Z
2026-02-26 03:59:00Z,,68188.86088721469,,,2026-02-26T04:46:40Z
2026-02-26 04:00:00Z,,68211.69565157303,,,2026-02-26T04:46:40Z
2026-02-26 04:01:00Z,,68168.8835748835,,,2026-02-26T04:46:40Z
2026-02-26 04:02:00Z,,68191.73243217634,,,2026-02-26T04:46:40Z
2026-02-26 04:03:00Z,,68232.3093585262,,,2026-02-26T04:46:40Z
2026-02-26 04:04:00Z,,68248.86340301918,,,2026-02-26T04:46:40Z
2026-02-26 04:05:00Z,,68254.52331145346,,,2026-02-26T04:46:40Z
2026-02-26 04:06:00Z,,68275.2787601856,,,2026-02-26T04:46:40Z
2026-02-26 04:07:00Z,,68266.6012026858,,,2026-02-26T04:46:40Z
2026-02-26 04:08:00Z,,68294.52753860591,,,2026-02-26T04:46:40Z
2026-02-26 04:09:00Z,,68416.84753605422,,,2026-02-26T04:46:40Z
2026-02-26 04:10:00Z,,68532.77052067008,,,2026-02-26T04:46:40Z
2026-02-26 04:11:00Z,,68513.79997300159,,,2026-02-26T04:46:40Z
2026-02-26 04:12:00Z,,68539.92538511234,,,2026-02-26T04:46:40Z
2026-02-26 04:13:00Z,,68530.81581841673,,,2026-02-26T04:46:40Z
2026-02-26 04:14:00Z,,68495.18852197993,,,2026-02-26T04:46:40Z
2026-02-26 04:15:00Z,,68553.25014729358,,,2026-02-26T04:46:40Z
2026-02-26 04:16:00Z,,68650.29542052446,,,2026-02-26T04:46:40Z
2026-02-26 04:17:00Z,,68618.20392753927,,,2026-02-26T04:46:40Z
2026-02-26 04:18:00Z,,68612.7752812052,,,2026-02-26T04:46:40Z
2026-02-26 04:19:00Z,,68575.2584585633,,,2026-02-26T04:46:40Z
2026-02-26 04:20:00Z,,68497.73984979786,,,2026-02-26T04:46:40Z
2026-02-26 04:21:00Z,,68388.7954206035,,,2026-02-26T04:46:40Z
2026-02-26 04:22:00Z,,68430.67526299572,,,2026-02-26T04:46:40Z
2026-02-26 04:23:00Z,,68490.10260928376,,,2026-02-26T04:46:40Z
2026-02-26 04:24:00Z,,68493.6059329408,,,2026-02-26T04:46:40Z
2026-02-26 04:25:00Z,,68574.05639224834,,,2026-02-26T04:46:40Z
2026-02-26 04:26:00Z,,68568.95009275993,,,2026-02-26T04:46:40Z
2026-02-26 04:27:00Z,,68537.91218726143,,,2026-02-26T04:46:40Z
2026-02-26 04:28:00Z,,68563.1473766462,,,2026-02-26T04:46:40Z
2026-02-26 04:29:00Z,,68526.52439797601,,,2026-02-26T04:46:40Z
2026-02-26 04:30:00Z,,68553.50468629283,,,2026-02-26T04:46:40Z
2026-02-26 04:31:00Z,,68610.25272260704,,,2026-02-26T04:46:40Z
2026-02-26 04:32:00Z,,68764.70945143183,,,2026-02-26T04:46:40Z
2026-02-26 04:33:00Z,,68773.73498295998,,,2026-02-26T04:46:40Z
2026-02-26 04:34:00Z,,68702.5559607778,,,2026-02-26T04:46:40Z
2026-02-26 04:35:00Z,,68654.30290016104,,,2026-02-26T04:46:40Z
2026-02-26 04:36:00Z,,68748.53414102091,,,2026-02-26T04:46:40Z
2026-02-26 04:37:00Z,,68714.35257182945,,,2026-02-26T04:46:40Z
2026-02-26 04:38:00Z,,68689.69552346689,,,2026-02-26T04:46:40Z
2026-02-26 04:39:00Z,,68700.49486956855,,,2026-02-26T04:46:40Z
2026-02-26 04:40:00Z,,68776.68729383167,,,2026-02-26T04:46:40Z
2026-02-26 04:41:00Z,,68763.00206695792,,,2026-02-26T04:46:40Z
2026-02-26 04:42:00Z,,68752.6892744795,,,2026-02-26T04:46:40Z
2026-02-26 04:43:00Z,,68658.26513222037,,,2026-02-26T04:46:40Z
2026-02-26 04:44:00Z,,68691.69804763672,,,2026-02-26T04:46:40Z
2026-02-26 04:45:00Z,,68702.76501167494,,,2026-02-26T04:46:40Z
